04U72oFk9wo_03023.jpg,97
04U72oFk9wo_03665.jpg,97
DJQ-_zmc-f0_01790.jpg,97
XjAmNbuGRl0_02032.jpg,97
SQqgkLfUC0A_03000.jpg,50
creOEIrJKII_00084.jpg,8
XjAmNbuGRl0_01425.jpg,97
04U72oFk9wo_05471.jpg,97
tuFjRSDwOjw_03864.jpg,50
YQD_j5XOk_8_04184.jpg,97
khjc3IZSrEo_05661.jpg,50
38qcxshnM54_00592.jpg,97
6UG1-5QHcZo_01688.jpg,97
2m0Ybw9yWX8_06699.jpg,171
hRw8lrLyzoE_00366.jpg,97
iDlLCKnOB2M_13400.jpg,8
J3ioFXV_fgE_02540.jpg,8
9c2Atsc4JnM_01430.jpg,8
XjAmNbuGRl0_04150.jpg,97
dBS9kMQ7tcc_00383.jpg,50
XjAmNbuGRl0_01038.jpg,97
04U72oFk9wo_03491.jpg,97
04U72oFk9wo_00068.jpg,97
04U72oFk9wo_05450.jpg,97
I5aNCGWztB4_00363.jpg,8
4eg-kK6FeRQ_01037.jpg,97
lb5ycPZ0RUg_05515.jpg,8
2m0Ybw9yWX8_07305.jpg,97
hMnu4nY8Ip8_01699.jpg,50
DrpNgJU3lwI_05168.jpg,97
_0E8-cthRM8_03382.jpg,97
FRA5wEek8Co_07799.jpg,97
5Dle76vhHNM_00517.jpg,50
iDlLCKnOB2M_10649.jpg,8
hMnu4nY8Ip8_02706.jpg,50
XjAmNbuGRl0_01021.jpg,97
J3ioFXV_fgE_03779.jpg,97
hMnu4nY8Ip8_02851.jpg,50
9c2Atsc4JnM_06100.jpg,8
ptVhsZ9KAk8_07578.jpg,97
DCzzgLvofA4_01357.jpg,50
04U72oFk9wo_00340.jpg,97
XjAmNbuGRl0_03194.jpg,97
RVVvq3D50S8_04603.jpg,50
kC_pGKYXHYk_01769.jpg,190
tG5Wg_WT7T0_01922.jpg,0
LjfTvZ-cmzs_05278.jpg,0
VE90_U6vwAk_06751.jpg,0
ox6YzyVQww0_06934.jpg,0
JmcOzqZljK8_03320.jpg,0
VLk0NVNgW3Y_02022.jpg,0
-HgvlKE_Z4o_12262.jpg,0
mNsJopxZ7Po_01194.jpg,0
YJ9RPPmv_HQ_09016.jpg,0
GlxPOLCc3BY_01670.jpg,0
zDnRdinNrmE_02427.jpg,0
U6n4w_F0s5o_01170.jpg,0
683nPQV_HT8_04796.jpg,0
I6o21B7Y6VQ_01325.jpg,0
PRmLt3ITUtA_00125.jpg,0
opsphwapsyg_04753.jpg,0
o1BXeQfPn1Y_03690.jpg,0
twWaRT4Rz8E_01235.jpg,0
X5NsLbPL_VI_05541.jpg,0
UuHbgKcUo7w_02044.jpg,0
jL8vZJ_om_M_03711.jpg,0
lgPOqmTuvKg_11711.jpg,0
NLJ5V6DxpQI_01709.jpg,0
2KvrCuegt-g_02996.jpg,0
jlWJg0G60UE_07600.jpg,0
wwkX2HBtg-8_02860.jpg,0
ji9iEXiAyJ0_06955.jpg,0
IF-f4UNLL9o_13423.jpg,0
ank7LyVZ4M8_00375.jpg,0
uug0bhnLgHs_01611.jpg,0
Pqb0E2cxBbw_05457.jpg,0
L1kuD0u5RTo_00045.jpg,0
QkGyNAgEazo_03558.jpg,0
3tSfgIa_hG0_03089.jpg,0
6S7dnV3LenA_00725.jpg,0
LBnS47B0kK4_00788.jpg,0
v38ODWKoULY_09723.jpg,0
VMFYjVIsC9k_02557.jpg,0
_nGpX5ck078_03913.jpg,0
zDnRdinNrmE_08573.jpg,0
_zKtPVAf1Lc_05133.jpg,0
SXxzLMXbCQ0_03774.jpg,0
PQSO1Bd5avM_09628.jpg,162
HWcpjw2-jOo_03617.jpg,0
DzCp-F6a5Hg_02987.jpg,79
UDP7dzDzXUE_01035.jpg,0
tc07_SRevLs_03716.jpg,0
drmMzAe13XU_02111.jpg,0
EQbN3ftEkDI_03793.jpg,151
QUmBqvMv89E_04540.jpg,0
mNsJopxZ7Po_01133.jpg,0
AbqJEe6lLU0_00694.jpg,0
PE7KHQWD8K4_01975.jpg,0
Vl_hBjLk-A4_02698.jpg,0
H5Xb1iDpSkw_02881.jpg,0
Pn-JQRcREww_04190.jpg,0
nhcSsX1BNgA_06827.jpg,0
a2bJHDaswlk_08202.jpg,0
bs8Tw-lALHk_00780.jpg,0
vrQac74JRKc_13841.jpg,0
lvQy2r4dLMU_03398.jpg,0
aksSoUHp_Tg_00100.jpg,0
I8ckIq2-j0k_02810.jpg,0
ZY6Ac6YlYrA_00944.jpg,0
a2bJHDaswlk_00429.jpg,0
nrzfRt_h1ZA_06961.jpg,0
olieCr8lwxs_04600.jpg,13
H1WgQPvOJkI_01470.jpg,0
mp0OhGkC58E_00501.jpg,0
duZpdSKteu8_07833.jpg,0
Ba-IHHwT_eg_08326.jpg,0
ZY6Ac6YlYrA_08373.jpg,0
IeqQuZRYn58_04600.jpg,0
cFiHQZsZnlI_01802.jpg,0
wQat_Uv8ND4_03105.jpg,0
xPxzrGLvyxc_09201.jpg,0
0GhX-stqtCU_06489.jpg,0
qK1oqP7oreA_03592.jpg,0
MP6F7nuOA9o_00831.jpg,0
qHQWCXwoLqA_01890.jpg,0
5qDEXBm5O-c_00000.jpg,0
5WbSYa9SSfc_02762.jpg,0
L1kuD0u5RTo_03249.jpg,0
L1kuD0u5RTo_02885.jpg,0
WOvFCGjGp1A_09957.jpg,0
P0N1G0Pj7ww_08617.jpg,0
ohzLXITapZA_10552.jpg,0
AgN67ee_Xlw_05130.jpg,0
NcN7Y7wS9Qk_00234.jpg,0
3N-oR7JZbxQ_05182.jpg,0
h9qsdH9a6fA_06624.jpg,0
K3dXoygBIj0_01263.jpg,0
cFiHQZsZnlI_00387.jpg,0
cxee_3-KfDU_00668.jpg,0
9yqTJ37IVjc_02456.jpg,0
vOfLkR1gamo_07900.jpg,0
tWaycPEUEjA_01293.jpg,0
NcyuAt-18cs_10297.jpg,0
N4d__h1KhZw_11719.jpg,0
VE90_U6vwAk_04426.jpg,0
aiIpolk4FGc_05875.jpg,0
js3Ph7SrPEE_01112.jpg,0
L-ke2ESp39g_01429.jpg,0
CG2GQ1mQTl8_04030.jpg,0
_vC4VBtMw08_01648.jpg,0
dGo6vicsm00_07116.jpg,0
XBElqDYUHVE_13731.jpg,0
zDnRdinNrmE_03360.jpg,0
fIeGAZg1oVA_07429.jpg,0
RBEJXMKfvhM_02191.jpg,0
AbvB3yxCimo_03386.jpg,0
GAlDrfZdIEE_01506.jpg,0
EUr4fitcCUM_00316.jpg,0
Nd4mWOpYwG0_09620.jpg,0
6QQiveo7dG8_05355.jpg,0
v3bp5QQ7tAs_01197.jpg,0
SXxzLMXbCQ0_03712.jpg,0
tXS0RdlqhTo_04990.jpg,0
kgh4hgA92v0_07093.jpg,79
vEojnW7J3AQ_03950.jpg,0
fsXco4AQ2Lw_01622.jpg,0
FwRLT4Y2Ly0_01265.jpg,0
YJ9RPPmv_HQ_05077.jpg,0
FsUC567Oq0E_06790.jpg,0
Wxc904f21JI_03562.jpg,2
cqh1oeOWgP8_07672.jpg,0
qmIQSe4dSZk_00237.jpg,0
MTpF6mRks-o_01153.jpg,0
AbvB3yxCimo_03287.jpg,0
OL_bDVVxmwA_17239.jpg,0
iqcKPtuY68g_08999.jpg,0
XgkfqIrDeS4_06935.jpg,0
3CGM2IFOfjA_05306.jpg,190
zMvNsAhhw2M_00370.jpg,0
i7kOOpYlLUk_02787.jpg,0
BBEEBUdSFqg_00188.jpg,0
QWXlKD-XGCQ_06677.jpg,0
2HOIITIk5Ks_01050.jpg,0
i01d2joH9kQ_03063.jpg,0
PQSO1Bd5avM_01552.jpg,204
_hM7h-Iyp3Q_03642.jpg,0
kPU9fRvKQw0_04784.jpg,0
W9GseiFweqc_09848.jpg,0
Z6KavxJTyaM_03159.jpg,0
0GhX-stqtCU_03629.jpg,0
CF9Q5gm0-wU_04386.jpg,0
1Pw_ed5Nzjw_01718.jpg,0
mnFa0QAe0Og_04372.jpg,0
pvMQOW44vMU_00621.jpg,128
KJGOzpyGiJA_00554.jpg,0
KJGOzpyGiJA_02964.jpg,0
ORSV2Yk5EsQ_01947.jpg,0
AinaDOWuLEE_04825.jpg,0
M0W4xaj7szI_03660.jpg,0
4AL-bBBkrsk_04899.jpg,2
0-jEJ3ZVOyU_00203.jpg,0
Ld2N4OcNRAQ_02370.jpg,0
RBEJXMKfvhM_01623.jpg,0
wdasrVE5NOc_07629.jpg,0
tSNvmr41RSQ_03445.jpg,0
mTqyfjC6LjI_00083.jpg,0
4siAdlKp9VE_05311.jpg,0
o1BXeQfPn1Y_04112.jpg,0
YFvqdld7ciM_01672.jpg,0
jRNDKz_aUMw_02277.jpg,0
872cCNYHCsM_03925.jpg,0
YKXvjIq4wCU_03929.jpg,0
FQ8dPVTiXfQ_08303.jpg,0
wdasrVE5NOc_06252.jpg,0
2cRvAaFHhV4_00776.jpg,0
XgkfqIrDeS4_07714.jpg,0
ox6YzyVQww0_08728.jpg,0
bFOEBL9xFw4_02249.jpg,0
Hy9FRK9fdaw_11410.jpg,0
h9PQeseW_LI_00340.jpg,0
UVoGwYghiU8_07725.jpg,0
fZoqLSHdwa8_00846.jpg,0
QGcjKx-JS64_02997.jpg,0
uGvRAA6O3pw_03962.jpg,0
lo8TtxZELYY_00397.jpg,0
ncfTX1cnb5k_09952.jpg,2
lW-LunvDQ_Y_06500.jpg,0
ZSzE0xJoh0Q_02270.jpg,0
LETOZQ5jPw0_01546.jpg,0
AbvB3yxCimo_01670.jpg,0
vs-3iBOtI5E_09013.jpg,0
qbtGbVK9jm0_03656.jpg,0
ZY6Ac6YlYrA_04088.jpg,0
gy46GY3erPM_06468.jpg,0
kOFVuvAYV7Q_00419.jpg,0
Y2ikHLeYPN0_04560.jpg,151
_O9CexLDFw4_00429.jpg,0
1p_s-6esVJE_05066.jpg,0
6KB3FYKE-g4_07624.jpg,0
5vaFpvjaY8Q_02196.jpg,0
DX7qwr6hPxA_01427.jpg,204
cX5sUNF2pI4_03757.jpg,0
A_gcDgmF-8o_01702.jpg,151
N4d__h1KhZw_14692.jpg,0
xAatwq9U3wk_03840.jpg,0
zQjYHfRwgaA_02884.jpg,0
L8oSZ6NK6ss_05905.jpg,0
uqdzTEcVGEE_02849.jpg,0
NcyuAt-18cs_00742.jpg,0
UXxc4Ywkkdw_02783.jpg,0
P0N1G0Pj7ww_08833.jpg,0
zuD70UXuzhg_14015.jpg,0
jiPCEsoeCYs_10710.jpg,0
1Z6s7F5j3Fs_04159.jpg,0
MaKkN8dQBu8_07935.jpg,0
BKUwqwXZXWc_08360.jpg,0
4ReIPDy4H7w_04338.jpg,0
U653DzkSi3g_00029.jpg,0
jYplNjyvbJY_00116.jpg,0
B8fylxLu0Ic_02938.jpg,42
9x7-GYIxMjI_03267.jpg,0
C7VZ0wXMEWs_08348.jpg,0
aCZ4PH8JTR4_02032.jpg,0
tjy7wieW0zo_00481.jpg,0
ib3yzPmYcmk_07841.jpg,0
vZzl0RbIQPM_01178.jpg,0
1jZGc95fx9I_09547.jpg,0
aksSoUHp_Tg_01224.jpg,13
yuOkyxmxtf8_10384.jpg,0
QtABwMy2Vkk_07094.jpg,0
uNDrJ-arx4o_00413.jpg,0
r-6_FpiJzXM_04833.jpg,0
BL-9GGXn1SU_05448.jpg,0
SjMbvYVt0e4_04030.jpg,0
C7VZ0wXMEWs_07275.jpg,0
qXrgFO1c9yI_01957.jpg,0
H0jWhFNMpsI_01028.jpg,0
6QQiveo7dG8_13554.jpg,0
sxLRPnBjoFI_00918.jpg,0
6eiWBZlwGTI_02253.jpg,0
0_7I3FTLrVQ_13467.jpg,0
gDFbBYWwUo0_02635.jpg,0
Jfa6FUzKDRk_04275.jpg,0
E9Vn6Hpg2W4_03634.jpg,0
U1KreouGo3M_07954.jpg,0
LETOZQ5jPw0_05123.jpg,0
GH0fuMUJbeY_02003.jpg,110
J1CYgyY9NWo_05561.jpg,42
reP2ugO6kjE_12661.jpg,0
jL8vZJ_om_M_05820.jpg,0
CVgiNJHlkFI_01230.jpg,0
reP2ugO6kjE_01737.jpg,0
vs-3iBOtI5E_08451.jpg,0
n9UX24MUWy0_08492.jpg,0
cFiHQZsZnlI_09421.jpg,0
eB-Joq8qxps_10344.jpg,0
5Ep8acEixUU_00949.jpg,0
YFVibKse-5o_00604.jpg,0
0BbmXmXLROA_00818.jpg,0
vs-3iBOtI5E_07960.jpg,0
0GhX-stqtCU_09753.jpg,0
I8ckIq2-j0k_04622.jpg,0
h7NMRZ2rq30_04865.jpg,0
9H3gCli6Sdo_02169.jpg,0
YyvfspBx_IY_07012.jpg,0
ZY6Ac6YlYrA_06830.jpg,0
lu9RPI5KpQo_05715.jpg,0
OiJx6tAXMik_05558.jpg,0
6RRleFx9PzM_11295.jpg,0
7-XMY9_6ZqA_00752.jpg,0
21JpcjlyWiU_01124.jpg,0
oUgutUMibI8_01461.jpg,0
_-nqq2M2Y20_01359.jpg,0
qs_b9XksWrQ_02641.jpg,0
sLVRzsrZs74_02192.jpg,0
aCZ4PH8JTR4_10815.jpg,0
BPCaReAsUoQ_01278.jpg,0
hIiIzRVgXIE_01156.jpg,0
iVTFvRR8gsE_07247.jpg,0
GBZRXWezBHM_04285.jpg,0
qXrgFO1c9yI_02028.jpg,0
hQ3eeJyGr70_05334.jpg,0
7ypQUG6SQQA_03823.jpg,11
0RlyhYcoj2Y_04419.jpg,0
683nPQV_HT8_00087.jpg,2
TGY3iP4X34c_06584.jpg,0
fQ7uyWBXN4s_00160.jpg,0
DbCY7UZBN7A_02095.jpg,0
96A2lGSOOZM_00849.jpg,0
JbcRzZLC9-U_03977.jpg,0
6SMyxbqxFZ8_04792.jpg,0
1zAVpK5bRck_04213.jpg,0
w_GBd5YJtFU_08133.jpg,0
DNMfoG8o94U_01694.jpg,0
VO8FSYHjSKg_03317.jpg,0
z-2w7gWCXRY_15242.jpg,13
42Tg2lSzo-M_00192.jpg,0
ulXBtXprT90_02841.jpg,0
RBEJXMKfvhM_01429.jpg,0
gdon6vuOC80_03853.jpg,0
K0WIuvbwS4o_03526.jpg,0
8H8P8fAW8ns_21000.jpg,2
V48bYhdRjxY_05471.jpg,0
5_wl7CD5B7Q_00644.jpg,0
puE2idkg7CQ_03784.jpg,0
JmcOzqZljK8_01797.jpg,0
K3dXoygBIj0_08381.jpg,0
h9PQeseW_LI_02386.jpg,0
HWcpjw2-jOo_06860.jpg,0
99SRJCS2Egg_05679.jpg,0
PCVdAItDjxo_01997.jpg,0
k-2paW223h4_07407.jpg,0
3YsP2SX4BDU_10331.jpg,0
1Z6s7F5j3Fs_01444.jpg,0
xAatwq9U3wk_05537.jpg,0
DfDZt3dSuwY_02271.jpg,0
RcjW2zw4bYI_04827.jpg,0
wRxAl6EO2WY_07028.jpg,0
GEO1vdNUGWo_02095.jpg,0
sJLapskS7KU_06345.jpg,0
qKAT9HQCyeo_01472.jpg,0
jSh6VJYRV-g_01543.jpg,0
TOBkb-AOR8Q_07531.jpg,0
l5ju8C2Kku4_01195.jpg,0
l5ju8C2Kku4_07396.jpg,0
Vthw1qBE_C8_08640.jpg,0
RJIWbnJ-A10_04324.jpg,0
QO6dSqZykXs_04345.jpg,0
3ORC9otWGMk_00102.jpg,0
0VVP5TmxDZY_04396.jpg,0
h6sKA9Nmys4_06675.jpg,0
EORjg5P2DJs_03471.jpg,0
AGSx9mS14dw_02913.jpg,0
5_wl7CD5B7Q_05476.jpg,0
JYTCwNspJsg_05436.jpg,0
5fgyTbHvPDI_01454.jpg,0
6KB3FYKE-g4_11222.jpg,0
WAUpelESAXo_05224.jpg,0
nOK3ytqRBpU_02496.jpg,0
SjMbvYVt0e4_08803.jpg,0
4vLjW2SrFM0_00000.jpg,94
PxJRhNzDwYY_04718.jpg,0
10u4S1a6leU_03437.jpg,0
2RM963apVBw_01392.jpg,0
CV5DjqDmVes_05576.jpg,0
HttbrZul3x0_03777.jpg,0
qTTxnKk4pOo_00050.jpg,0
fIeGAZg1oVA_05360.jpg,0
0GhX-stqtCU_01820.jpg,0
Pqb0E2cxBbw_05752.jpg,0
CWJo-_6S_sc_06283.jpg,0
RMdkMsov9W0_03862.jpg,2
sjI5Ig59tMI_03126.jpg,0
cp0pJDL5zhE_05996.jpg,0
biyaeWSbt5E_00570.jpg,0
COROzGYA84U_01152.jpg,0
gZuDMKXWU_E_05232.jpg,0
TO-Suwy1KAE_05052.jpg,0
tq2CwGgz73Q_04633.jpg,0
_v3Yb8Bzxp0_08615.jpg,0
dW-zA4iqTK4_04338.jpg,0
VgdvthNxlFI_02940.jpg,0
uF_yaCZI920_08190.jpg,0
isvBLbvn3n0_01180.jpg,0
W9GseiFweqc_07444.jpg,0
AinaDOWuLEE_02017.jpg,0
cFiHQZsZnlI_11025.jpg,0
KBuIYWRO-sM_00900.jpg,0
6K_eot6tev4_06128.jpg,151
ee2hF-Yvs0I_08265.jpg,0
T2HQxDlcaMY_03017.jpg,0
elausNZXcg0_00859.jpg,0
a3L1qZp3_DA_09213.jpg,0
Jku3hUJPpH0_07002.jpg,0
XJAHgPM1XPI_02419.jpg,0
qmoqJRP5N6E_04347.jpg,0
c4EtP3wo-bE_09447.jpg,0
tF3MjDvzNdc_00087.jpg,0
KE8X0OdyKDQ_01759.jpg,0
iaMLqE47p0A_03092.jpg,0
CqKRF04ppXs_02228.jpg,0
6QQiveo7dG8_11105.jpg,0
zkNq3v3cAvI_03353.jpg,0
YKXvjIq4wCU_04590.jpg,0
q_TVIZF2nOE_01499.jpg,0
4oMBmMnd50M_08306.jpg,0
IgQQwQbbsiY_05263.jpg,0
_U96lwY2IGg_08244.jpg,0
XgkfqIrDeS4_10616.jpg,0
gMBlQGY5Tws_00032.jpg,0
TA3Uo3a9674_02467.jpg,0
ee2hF-Yvs0I_09523.jpg,0
l5lCMjVWzZY_03176.jpg,2
rSN7S4hvlDU_05337.jpg,0
5LuVPUmLddw_05852.jpg,137
RgtdGbpoKpA_07173.jpg,0
yuOkyxmxtf8_04529.jpg,0
GlxPOLCc3BY_06268.jpg,0
sY6kIBMKtt8_04241.jpg,0
ojATXPBrCYc_01470.jpg,0
n4L1eV5hQ7s_07769.jpg,0
yc10Vpsv6_g_03414.jpg,0
T01wm-Oir3I_01358.jpg,0
qhbAPfOvCaM_04660.jpg,0
AgRgbigzBfI_03750.jpg,0
qNWl-rF7eBQ_05941.jpg,0
lZQlFR9EgIc_05822.jpg,0
FAi0uzphqus_04426.jpg,0
vaWc73AD648_00397.jpg,0
1ugesWXaSmQ_01762.jpg,0
GBZRXWezBHM_00571.jpg,0
_U96lwY2IGg_07200.jpg,0
2cRvAaFHhV4_02581.jpg,0
tyX4r9UrQ_M_03720.jpg,0
5z0e-GKJA10_03796.jpg,0
82X5uEFpEVQ_05216.jpg,0
Z6KavxJTyaM_05307.jpg,0
SIeYy4k8MWs_04597.jpg,0
H1WgQPvOJkI_00162.jpg,0
uOlG-nIP6sI_00107.jpg,66
rCYEXgDUUuc_07802.jpg,0
ZaYGprSYRTE_09432.jpg,0
KOB2sQtrMck_02557.jpg,0
Jfa6FUzKDRk_12356.jpg,0
XOUTZXULnsQ_09356.jpg,0
rr09pDsDb3g_03275.jpg,0
VSx3l0B3uQA_00000.jpg,158
vsltvfLV9NY_04227.jpg,158
d59CUdGg2hs_03993.jpg,158
F_wXHFab5XU_04468.jpg,158
g2L0U0MpH44_02329.jpg,158
k6Kq1HpaeBM_01939.jpg,158
FmPeW-gaVOM_04409.jpg,128
8Dn1hNcZoU0_04985.jpg,158
OygmSwWfkBE_02546.jpg,158
QgEeTP_9S5k_04496.jpg,158
jMFxoLjFJr0_01925.jpg,158
XD0UKQ4TG8A_03021.jpg,158
KMz8f9vDK38_00230.jpg,158
G4rTrxLTNro_02830.jpg,158
coM4d1CQZfs_05950.jpg,158
QM2rKnTBDOs_02525.jpg,158
VaHxrD0HXZk_05336.jpg,158
O5gntzkB5zY_06990.jpg,158
JYtSnjy4zAk_05430.jpg,158
g2LGqKGPcYg_02339.jpg,113
Srql9_3RP6w_03110.jpg,158
A6im9EhEI2I_09586.jpg,158
C-y1gdM_qhs_03724.jpg,158
pZxdCZUAPjo_06325.jpg,158
kZMjT8xhRwk_09102.jpg,158
Dy4w7hVfAHE_00058.jpg,158
WvaTCLyexsM_06142.jpg,158
NRSaNlv6apI_01874.jpg,158
JbnDi-VbwFQ_00656.jpg,76
iyLpH7UMi4Y_00000.jpg,158
csGpqnok6p8_00733.jpg,158
VxsbFCxI2lA_11077.jpg,158
aRMH5Fu19Ho_04426.jpg,158
a_WN9y95Q6Y_08521.jpg,158
Gf_2iIW9Eus_01372.jpg,158
dQitFgVsZt8_06703.jpg,158
Gpg5eTbos_M_09765.jpg,158
RAF_jwuyR4s_01367.jpg,158
g2L0U0MpH44_06014.jpg,158
VaHxrD0HXZk_03927.jpg,158
8LASrlnL9zE_07340.jpg,158
wEEfDatopzU_03621.jpg,158
gr4PJrV-eps_03593.jpg,158
J_uAPfZA7KE_01108.jpg,158
Yw0Y4bj935E_01627.jpg,158
ODRwpu3F4l8_00817.jpg,158
yDn1TDQXFFw_03266.jpg,158
EINFmlJGIWw_01435.jpg,158
iyLpH7UMi4Y_02373.jpg,158
fAgkHGypXWU_02898.jpg,158
QdJXjg6OjNA_06930.jpg,158
Th0zMycdYeo_01704.jpg,158
v51i1IqiIgs_07686.jpg,158
08n8aWx2Pzs_04460.jpg,158
ef2Dn9Ht4O8_00374.jpg,158
Mz5hC8y6fzc_05776.jpg,158
VxsbFCxI2lA_06210.jpg,158
O5gntzkB5zY_02523.jpg,158
MV08II8DD3o_01699.jpg,158
I-WOwyxqcxY_00771.jpg,158
6QhhRDHOri4_02901.jpg,158
yOIYswGsASk_01721.jpg,158
VSx3l0B3uQA_00166.jpg,158
x-CmQyPQLrs_06369.jpg,158
9iC5ZqBk8Dw_00143.jpg,158
_osfdlMLggk_02803.jpg,158
PC1zN1VNvIo_02253.jpg,158
VaHxrD0HXZk_05784.jpg,158
224RvvoNafs_05176.jpg,158
IK0UTdvSP78_00539.jpg,158
RAF_jwuyR4s_01676.jpg,158
iMb-I_r2sZs_01663.jpg,158
3wpEAM9W7y4_00000.jpg,158
iMb-I_r2sZs_09123.jpg,158
CXWBtIJ6YRQ_03862.jpg,158
NIwa4C1C9OM_09828.jpg,158
yJoHQK7jO6g_01477.jpg,158
S_2VqNXgoA0_00977.jpg,158
iMb-I_r2sZs_00232.jpg,158
S7lIOKvu9ik_04776.jpg,158
YYCnr9SzghQ_00163.jpg,158
YfjIhCOE4Ng_01475.jpg,158
yZe8d2C-fzk_02340.jpg,158
JrvIn57wQ5I_06333.jpg,158
J6Iksi76MNg_00860.jpg,158
ip9qfm3bpA4_04345.jpg,158
JgXUkYCbAgk_05804.jpg,158
NIwa4C1C9OM_04269.jpg,158
taPTPxspRQ0_02268.jpg,158
NIwa4C1C9OM_11708.jpg,158
WdNYal09Pfw_02020.jpg,158
YgXzpWAEhto_01859.jpg,158
kZMjT8xhRwk_12253.jpg,158
VEUSx17jCXQ_04976.jpg,158
P8CZCX42X-o_00130.jpg,158
1LnpIduVplM_08632.jpg,158
IOsrEqzStgg_00648.jpg,158
OgXKdhdrFts_05850.jpg,158
JbnDi-VbwFQ_01270.jpg,158
XV7d_zJH7wg_07545.jpg,158
lIFkAPQOMjw_01301.jpg,158
vNmcz_wPYr0_04998.jpg,158
SSuQ0s9gKb8_01400.jpg,158
zATmT9rLfpc_08349.jpg,158
wuzTyJ39txE_03994.jpg,158
sLLh1tM0tFg_03486.jpg,158
JHAEvkLc-S0_01448.jpg,24
6L0MRj18a8E_07942.jpg,113
WYVKLOi5p5Q_05180.jpg,57
N_9eucfmvj8_01920.jpg,128
9HiLLaJKJF0_02260.jpg,128
2snLA3j1Sis_11759.jpg,128
vuaIJq5YKKA_04348.jpg,113
bzphhT_NKV0_07496.jpg,113
2prWa2jwgpY_00277.jpg,113
Wq8zx_bIe2o_00763.jpg,158
OGWaVBdUKM0_00894.jpg,113
0D7lD8AGmLY_01804.jpg,128
OlBWHhugIzI_01985.jpg,128
UXz3k5umHfQ_00972.jpg,24
o9xvzfPYzrg_01275.jpg,25
btWTAD1q_UQ_04639.jpg,24
fOM0SJrCWjQ_05546.jpg,113
lcZGhebGgP8_04583.jpg,128
fpdGLl_sWsQ_04821.jpg,113
fOM0SJrCWjQ_09319.jpg,113
G5p4GNFP7oU_03501.jpg,113
OTcxSn6gL5M_08849.jpg,128
auK3VtXE68c_01556.jpg,128
BsceC-igcTY_01370.jpg,166
N8zUIdGppJE_03225.jpg,113
ip9qfm3bpA4_00825.jpg,158
Wzn3FjH1eYc_00804.jpg,113
lcZGhebGgP8_05456.jpg,128
Y4EASeZ6IeM_01643.jpg,24
kcD_xN-LqAU_02926.jpg,9
as24tyYm4tI_06550.jpg,52
3bqbvTgnVR0_01344.jpg,128
4ZGxBi_y9XA_01172.jpg,128
4Coe0QNTdg0_03185.jpg,128
POTLb6GMka0_05874.jpg,11
jOfS1-trrR0_00548.jpg,113
jO4JPSLPGfc_07662.jpg,158
wKAZcMTj-Xg_01619.jpg,158
XyHOQt3r_IQ_02201.jpg,113
6L0MRj18a8E_14077.jpg,128
cq6OVN_7LLQ_03911.jpg,20
jv4y-IsB8d8_01385.jpg,113
26hhv1v9b1U_03427.jpg,128
PYUIHcnAgbc_05564.jpg,160
fOM0SJrCWjQ_01892.jpg,128
VGFnezvBv7U_05583.jpg,0
60QrLYe5iXo_05718.jpg,128
Ytp-pm301Uo_02632.jpg,172
02y8nDgo140_02401.jpg,76
d3y17D_K9Zw_04314.jpg,128
d3y17D_K9Zw_00152.jpg,128
02y8nDgo140_01988.jpg,76
kHLHD2EX8wk_01490.jpg,76
35oa3d_1zy4_02400.jpg,76
hdlOXYGh608_00800.jpg,76
JIWgLmN8OQ0_02243.jpg,76
10AKUYRjDPk_01136.jpg,128
V3RTIzd6rm4_02661.jpg,190
e0gb9mzMNII_01376.jpg,76
lHZHc0KgUk0_02816.jpg,76
9DLmkr7Jqp4_04828.jpg,76
lHZHc0KgUk0_01905.jpg,76
d3y17D_K9Zw_07899.jpg,76
JIWgLmN8OQ0_02411.jpg,76
4L5cdskEiA4_04000.jpg,76
JIWgLmN8OQ0_01964.jpg,76
jszPZiqEheI_00237.jpg,76
jszPZiqEheI_06380.jpg,76
hdlOXYGh608_00365.jpg,76
kHLHD2EX8wk_00494.jpg,76
hdlOXYGh608_03270.jpg,76
4yy4oy4dyO0_04418.jpg,76
hdlOXYGh608_00489.jpg,76
d3y17D_K9Zw_04843.jpg,128
Px27gP__n5M_01460.jpg,76
kHLHD2EX8wk_02522.jpg,76
4yy4oy4dyO0_00589.jpg,76
4yy4oy4dyO0_04480.jpg,76
4yy4oy4dyO0_04901.jpg,76
o3JjUoyX_Ck_02141.jpg,76
kHLHD2EX8wk_01092.jpg,76
d3y17D_K9Zw_08059.jpg,76
a8Lqhfw65j0_02491.jpg,76
02y8nDgo140_02709.jpg,76
EE9hk0C7pRU_00049.jpg,76
9DLmkr7Jqp4_02109.jpg,76
e0gb9mzMNII_00105.jpg,76
N6M1i0wb5tU_01404.jpg,76
4yy4oy4dyO0_04539.jpg,76
V3RTIzd6rm4_00225.jpg,42
d3y17D_K9Zw_03228.jpg,76
kHLHD2EX8wk_00818.jpg,76
9DLmkr7Jqp4_03464.jpg,76
jszPZiqEheI_05683.jpg,76
a8Lqhfw65j0_06218.jpg,76
d3y17D_K9Zw_07920.jpg,76
PmKIY6Qy_D4_00240.jpg,42
4yy4oy4dyO0_00611.jpg,76
Aj93kqCGc-E_01950.jpg,128
Px27gP__n5M_01251.jpg,128
PYma9jaszTE_00359.jpg,76
Y97frE29gn8_01289.jpg,76
jszPZiqEheI_10296.jpg,76
9DLmkr7Jqp4_05847.jpg,76
Prb4Lgqc-Lg_02614.jpg,76
lHZHc0KgUk0_11964.jpg,76
oZDCSNMwbt4_05311.jpg,76
9DLmkr7Jqp4_03094.jpg,76
jszPZiqEheI_00373.jpg,76
gmquYfr-GxA_00247.jpg,76
02y8nDgo140_06769.jpg,76
10AKUYRjDPk_01174.jpg,76
hdlOXYGh608_04006.jpg,76
a8Lqhfw65j0_06238.jpg,76
e0gb9mzMNII_00514.jpg,76
lHZHc0KgUk0_03664.jpg,76
hdlOXYGh608_03362.jpg,76
I0UB7Twv36M_02739.jpg,76
Px27gP__n5M_03309.jpg,76
e0gb9mzMNII_01724.jpg,76
NSeCrJtQFCU_03494.jpg,76
sentS7QjeeA_03110.jpg,76
d3y17D_K9Zw_07955.jpg,76
4yy4oy4dyO0_00573.jpg,76
Px27gP__n5M_01059.jpg,128
dSTwxFD9Tkk_00275.jpg,76
4yy4oy4dyO0_04996.jpg,76
GzBY4DsM3r4_01808.jpg,76
kHLHD2EX8wk_01447.jpg,76
lHZHc0KgUk0_04317.jpg,76
Prb4Lgqc-Lg_00280.jpg,76
IzBXN0p5w4c_01056.jpg,158
lHZHc0KgUk0_11147.jpg,76
dSTwxFD9Tkk_01199.jpg,76
e0gb9mzMNII_01091.jpg,76
02y8nDgo140_02463.jpg,76
I-XAPA1RzW4_07446.jpg,76
9DLmkr7Jqp4_05909.jpg,76
02y8nDgo140_00283.jpg,76
jszPZiqEheI_09935.jpg,76
V3RTIzd6rm4_00690.jpg,76
9DLmkr7Jqp4_03707.jpg,76
PYma9jaszTE_00982.jpg,76
d3y17D_K9Zw_07964.jpg,76
d3y17D_K9Zw_03056.jpg,76
4yy4oy4dyO0_00641.jpg,76
NSeCrJtQFCU_04019.jpg,76
75RU2OVUdCw_04000.jpg,2
EE9hk0C7pRU_00508.jpg,76
JIWgLmN8OQ0_02628.jpg,76
I-XAPA1RzW4_07720.jpg,76
oZDCSNMwbt4_03898.jpg,76
kHLHD2EX8wk_00886.jpg,128
N6M1i0wb5tU_01979.jpg,76
dfiWC-JczpA_01997.jpg,76
10AKUYRjDPk_01076.jpg,76
JIWgLmN8OQ0_00585.jpg,76
hdlOXYGh608_02852.jpg,76
Prb4Lgqc-Lg_04314.jpg,128
JIWgLmN8OQ0_00951.jpg,76
JIWgLmN8OQ0_00377.jpg,76
LZSqIUF6H6c_00098.jpg,76
Px27gP__n5M_03347.jpg,76
5h8-A9ivnXA_00952.jpg,128
P5x6TshVD8I_02400.jpg,128
d3y17D_K9Zw_04807.jpg,76
lHZHc0KgUk0_10006.jpg,76
kHLHD2EX8wk_00120.jpg,76
NHZ9-N_0jxU_01669.jpg,151
aeLSU9eUxE0_07413.jpg,151
A5_OnduJ56c_01607.jpg,151
BJ3uiLhfB8k_01984.jpg,151
g6GnXbkJ1wE_00934.jpg,151
aeLSU9eUxE0_07810.jpg,151
CHUqrPQKmxc_01776.jpg,151
NHZ9-N_0jxU_06254.jpg,151
pBHDqmYBTtY_12585.jpg,151
WkhMjUmweWg_02872.jpg,151
jzZRvW87cP4_08754.jpg,151
DYzngc9Fkzc_00317.jpg,151
2FpLluGSgeg_00129.jpg,151
g6GnXbkJ1wE_06753.jpg,151
KCbc_HsiVuw_00769.jpg,151
g9pynYe986E_00432.jpg,42
Q4hi_RzbGFg_00000.jpg,151
xx1oCgLDYjM_04981.jpg,151
v-j8vZLZoWI_07996.jpg,151
vGqbU_i5swY_09663.jpg,151
9M0bdzxxtFI_09312.jpg,0
sQ2IdnJa_Pc_00746.jpg,151
9m4i1zJDPdU_03153.jpg,190
aeLSU9eUxE0_07965.jpg,151
A5_OnduJ56c_01534.jpg,151
Knd-CGqCpl4_00000.jpg,151
nCEVSP34zEQ_00300.jpg,151
pBHDqmYBTtY_13634.jpg,151
IPZ6C4CLS_4_00091.jpg,151
xx1oCgLDYjM_00716.jpg,151
JdjPkZUb178_02918.jpg,151
g6GnXbkJ1wE_02816.jpg,151
aeLSU9eUxE0_01351.jpg,151
qrqClKzcf-w_00224.jpg,151
aeLSU9eUxE0_00136.jpg,151
WkhMjUmweWg_05328.jpg,151
_XIf0deyzx4_00778.jpg,151
oY_7UgvaBVA_12657.jpg,151
9Eb1UI18PuE_09838.jpg,79
sQ2IdnJa_Pc_00546.jpg,151
CHUqrPQKmxc_05766.jpg,151
WkhMjUmweWg_07092.jpg,151
CHUqrPQKmxc_08592.jpg,151
Swr9lMlLS28_00556.jpg,151
aeLSU9eUxE0_00914.jpg,151
anpjGctNOlI_00145.jpg,151
6DYA8D41Hck_07758.jpg,151
bCtSvft9dPA_02187.jpg,151
KCbc_HsiVuw_00716.jpg,151
6DYA8D41Hck_08425.jpg,120
zeEvh2dfVC4_06950.jpg,151
IIeP7dNkoes_01232.jpg,135
0fi2Z6HRUYk_00921.jpg,135
4K4gSzzITvc_02778.jpg,135
hWukFEFUyiM_03223.jpg,135
th8cvB_wQLc_03689.jpg,190
WuM-EAnor4I_00677.jpg,135
9hGoTnTCyRo_02390.jpg,135
Gye-vQN7T8s_00483.jpg,135
2s-ex4NPlfg_12671.jpg,135
6uXjW9tiBXE_03588.jpg,135
D-xGN5uTZuE_00960.jpg,135
Ox2AyzuwKq8_00692.jpg,135
3lhzVwYrk0I_04568.jpg,135
2MBmPqHLgac_01914.jpg,135
IlC4dfNhPW4_01864.jpg,135
2MBmPqHLgac_01091.jpg,135
IWOGZYB4IEg_00150.jpg,119
diHY5kXGNZw_04493.jpg,162
7I_X57GcSTw_03768.jpg,135
Ua76jzbmus0_04670.jpg,135
PZcwQnuke8A_00000.jpg,135
2MBmPqHLgac_02242.jpg,135
uC3HScnl4rk_00349.jpg,135
Urkmxrqoqrs_00467.jpg,156
XikWavpuBOU_12745.jpg,135
3lhzVwYrk0I_02044.jpg,135
NXjky8gDWx4_00196.jpg,15
1KQ2-gTqFfA_01838.jpg,135
cBFeyEDpeFw_05434.jpg,135
03WYjmi2Wqw_03748.jpg,156
POMr9tEVlJg_02335.jpg,135
POMr9tEVlJg_02348.jpg,135
Pm9cRIhYQvg_00106.jpg,135
GMgGDgOt4CQ_03543.jpg,135
2bLJM05xgnk_05235.jpg,158
3lhzVwYrk0I_04585.jpg,20
6bT00gb4ABs_00086.jpg,135
0xLdTFHiDiQ_01501.jpg,135
9uMtkrrNgzQ_08925.jpg,135
xm2LtVunkBA_02446.jpg,135
tv3PT3AjbKQ_04297.jpg,135
GMgGDgOt4CQ_02109.jpg,15
MCbpodfaEho_01803.jpg,135
io8BL9CA8pQ_00324.jpg,135
l0zsKQrYQSI_09000.jpg,135
3gKb0Hz5t14_03116.jpg,135
vY6M-k-wIHg_00888.jpg,135
Ende6KWg4S8_00635.jpg,135
BQqyVo0YSD0_07316.jpg,11
0xLdTFHiDiQ_01932.jpg,135
GMgGDgOt4CQ_09044.jpg,135
MCbpodfaEho_00990.jpg,135
Knd-CGqCpl4_02807.jpg,135
KSyy3aAwGjo_04892.jpg,135
FIuD9k1B0vE_02188.jpg,135
4K4gSzzITvc_01955.jpg,135
KSyy3aAwGjo_05505.jpg,135
G0TmQJc7ExE_01060.jpg,135
l-Qr4NcgOzA_01674.jpg,135
KtQHd1DPNtM_12565.jpg,135
assosxg_D00_01178.jpg,135
GMgGDgOt4CQ_03202.jpg,135
tv3PT3AjbKQ_02141.jpg,135
rzhw6a5CBWA_10500.jpg,135
YAO5r0_7xF0_00777.jpg,135
hWukFEFUyiM_00933.jpg,135
2MBmPqHLgac_07643.jpg,135
2MBmPqHLgac_00442.jpg,135
Ox2AyzuwKq8_00970.jpg,135
BlSPiip_TG4_04405.jpg,135
KtQHd1DPNtM_16281.jpg,135
2MBmPqHLgac_00654.jpg,135
Nq1PRGStn5w_05009.jpg,135
KtQHd1DPNtM_17352.jpg,135
assosxg_D00_03405.jpg,135
_xYXxYh6J24_09292.jpg,135
l-Qr4NcgOzA_03945.jpg,150
x8VTrWgg0ZI_05214.jpg,135
uCromp-klUU_05112.jpg,135
5I8dKRzgk5Q_01160.jpg,135
7We744fW76w_06634.jpg,135
GMgGDgOt4CQ_03363.jpg,135
l-Qr4NcgOzA_02238.jpg,135
44DxEt_t34w_00000.jpg,135
KSyy3aAwGjo_04680.jpg,135
KtQHd1DPNtM_07225.jpg,135
KFP5ZnveEbg_00457.jpg,135
5yUR4x7eLV8_15110.jpg,120
6uXjW9tiBXE_02685.jpg,135
pGme0VCAoBQ_00702.jpg,135
OaUEbwHgXZg_01386.jpg,135
N8FmPXOHyo4_09193.jpg,135
OJeOeoZ497I_01025.jpg,135
KSyy3aAwGjo_04667.jpg,135
6sp3K9qyNBo_01013.jpg,0
CRHJY2md1DU_04692.jpg,135
kkX5EnH7da4_00685.jpg,11
G0TmQJc7ExE_00440.jpg,135
PrU6mkhPqOs_00505.jpg,135
0fi2Z6HRUYk_05805.jpg,135
cBFeyEDpeFw_05410.jpg,135
KSyy3aAwGjo_04913.jpg,135
YiBzK_-MT3Y_04950.jpg,135
3lhzVwYrk0I_03585.jpg,6
diHY5kXGNZw_04230.jpg,135
KtQHd1DPNtM_07153.jpg,135
GMgGDgOt4CQ_03256.jpg,135
DUj8fqDwHgM_00184.jpg,135
Nq1PRGStn5w_04888.jpg,135
MCbpodfaEho_01515.jpg,135
KSyy3aAwGjo_02108.jpg,135
Ende6KWg4S8_00147.jpg,135
DySK3Yz0Wjo_01570.jpg,135
KtQHd1DPNtM_14688.jpg,135
pqUs6DMkEbg_07358.jpg,135
gbmsYeUpSrU_12757.jpg,135
KtQHd1DPNtM_16258.jpg,135
STK51jOsBMg_00820.jpg,135
BlSPiip_TG4_03333.jpg,135
8x-kraZ1MCg_01023.jpg,135
epwvJAICClA_01974.jpg,135
mdpxyUAo9UQ_00000.jpg,135
Y3_NF6VUAww_12751.jpg,135
23IKGnbplVE_01096.jpg,11
hWukFEFUyiM_03449.jpg,135
tv3PT3AjbKQ_02553.jpg,135
uVkSKh2gefA_05249.jpg,135
KtQHd1DPNtM_06671.jpg,135
2MBmPqHLgac_06983.jpg,135
epwvJAICClA_00116.jpg,135
uCromp-klUU_10362.jpg,135
io8BL9CA8pQ_00185.jpg,135
DeU6wn0psrU_10437.jpg,135
uC3HScnl4rk_00537.jpg,135
CMCpnJZin1k_01481.jpg,135
NXjky8gDWx4_02210.jpg,135
UdYYaJLCDNc_00196.jpg,135
OaUEbwHgXZg_02815.jpg,135
2MBmPqHLgac_00847.jpg,135
DySK3Yz0Wjo_00206.jpg,135
Ua76jzbmus0_04761.jpg,135
qZUKTyRtL0Y_06652.jpg,135
mu9Nk4BVQAs_00238.jpg,135
pqUs6DMkEbg_06625.jpg,135
r7oWUAZzQPg_00640.jpg,135
CMCpnJZin1k_00960.jpg,135
9rwlej8E0sA_04648.jpg,135
pGme0VCAoBQ_00544.jpg,135
LQhYbfIz0n4_11605.jpg,135
pGme0VCAoBQ_02226.jpg,135
2MBmPqHLgac_02905.jpg,135
qs0ivcVGGCc_00257.jpg,135
xm2LtVunkBA_03146.jpg,135
DVP6veEDRgE_12015.jpg,162
KSyy3aAwGjo_05185.jpg,135
WuM-EAnor4I_00825.jpg,135
2MBmPqHLgac_01347.jpg,135
2MBmPqHLgac_01257.jpg,135
epwvJAICClA_02880.jpg,135
tv3PT3AjbKQ_02061.jpg,135
4U2ukuu6NwM_12256.jpg,135
2SjB3RXZlJw_06272.jpg,135
r98c7M6CxFo_00182.jpg,135
YAO5r0_7xF0_04173.jpg,135
KSyy3aAwGjo_01154.jpg,135
bP1UMqJuW1I_00732.jpg,135
AxC2dQJXVNI_01229.jpg,156
E8h6KLaYB8g_08837.jpg,156
HdMy_tP2ygA_05561.jpg,156
AxC2dQJXVNI_04228.jpg,156
E8h6KLaYB8g_03800.jpg,156
bP1UMqJuW1I_00517.jpg,156
KilJYOKDRNI_00703.jpg,97
voun26PfIM0_00250.jpg,156
GfLfR-J8tzQ_03728.jpg,156
IZ63T51-CXk_01257.jpg,156
W5piS8JBb3E_00330.jpg,162
Gb_1hnUUypg_02198.jpg,156
GiDHqMEY_3A_00118.jpg,162
Iup3aKRgEgA_01154.jpg,156
8IySBl2aq-A_01725.jpg,156
GfLfR-J8tzQ_00419.jpg,156
E8h6KLaYB8g_03862.jpg,156
FLYC-hwm-L4_02253.jpg,156
GfLfR-J8tzQ_03786.jpg,156
hCRJCCmSgCU_03417.jpg,128
Fhb323seOkM_03463.jpg,158
7pCYXSRzIV0_05544.jpg,128
IfdmbAXnouw_08413.jpg,128
j89BWbH4WHY_01543.jpg,128
eHXuEazoYyQ_00562.jpg,24
xuE_jmPUsck_00159.jpg,128
pz8zbiMeM9E_02609.jpg,158
2ODVOVPlQKk_00803.jpg,128
dx23BoTIJ0s_03500.jpg,128
ZVA5vs8P28k_04199.jpg,128
FBXboW_fuuc_01500.jpg,158
PMT6C7uIf4I_02779.jpg,128
GNMFuCSVWuE_05999.jpg,128
zlwDTCEwLO8_05406.jpg,158
w9yX3S9VdtI_01775.jpg,128
TEa8sdwCweQ_01219.jpg,57
9fNEhLf6Hj8_01089.jpg,128
IGswwuSWemY_02196.jpg,128
y7-Jx4EXcVs_00881.jpg,128
An4ROF8msm4_00768.jpg,158
mVnKrTLdfyY_03994.jpg,158
yjysF8LMfU4_02747.jpg,128
7mU17Eytd4o_02863.jpg,128
BeCUThzjEcc_02128.jpg,128
N6M1i0wb5tU_02623.jpg,128
7qoIndAr_nc_08960.jpg,2
b1U6Nx0N0DU_08906.jpg,128
IYA8Gh-A2WY_03427.jpg,128
4h_GzLX7ofo_09808.jpg,128
0D7lD8AGmLY_06827.jpg,128
wTGdeEfZuUI_06008.jpg,158
Fhb323seOkM_02157.jpg,128
j-0Is4pGGPk_07269.jpg,128
NYvsuGZmCwc_08876.jpg,128
WIk8-l0_QgY_12565.jpg,128
0HDsz3C9IHg_01575.jpg,128
_DR-CilP73k_01764.jpg,128
Lqow76TRrsg_04006.jpg,128
7hjYdua7g0s_00507.jpg,128
uX-mwU82iV0_00278.jpg,128
yA-icaUdEpQ_03045.jpg,2
6xepifQMHzU_03541.jpg,113
7qoIndAr_nc_09067.jpg,2
hCRJCCmSgCU_02718.jpg,128
3gKb0Hz5t14_03335.jpg,128
j-0Is4pGGPk_00942.jpg,128
njRpHLoupmM_00969.jpg,128
cosWi0n6kgk_05402.jpg,128
Mq7WfGHHZOc_00319.jpg,52
t5uI1nl0tGE_01802.jpg,128
WEUYmaBxB2U_02800.jpg,128
jGSHtdGsZIA_07297.jpg,128
uXfRAVtj-1g_06138.jpg,128
6vw_s9oZ3cc_00864.jpg,128
XHZ6JpNIAtA_00412.jpg,26
jGSHtdGsZIA_06874.jpg,128
0Ba3vC-gZSA_04221.jpg,128
SZ8RyPyljcQ_04234.jpg,135
44mOIZPyJlA_02432.jpg,158
K9CH50rwwl4_05004.jpg,128
b9Sd_oGeM7s_08831.jpg,128
ThkCQsJn0G4_01833.jpg,113
jGSHtdGsZIA_05825.jpg,128
5sk_9IdGvsU_01244.jpg,128
fXXLFeJ-4Gc_00205.jpg,76
P2R9y_CEooo_00080.jpg,76
H6vu2bnmQPk_02436.jpg,128
iknh7jgYHtI_00810.jpg,128
sw04nOHhGQM_03239.jpg,128
H059c0Ug9ZQ_02634.jpg,128
Fhb323seOkM_04408.jpg,128
U70LWOYKgbg_01059.jpg,128
U4MXNgLPBWQ_02010.jpg,128
odPajez3afw_05534.jpg,11
oZDCSNMwbt4_02884.jpg,128
6pFhhmI6Tis_04390.jpg,42
C9AaeTqBRxs_03723.jpg,128
2GBmjnWqwQ0_03433.jpg,128
kBrKBx-kPCE_00073.jpg,128
mIOI_3SQD_E_01702.jpg,57
eHz40iUNIsc_00259.jpg,135
SO4aPP86YSg_05063.jpg,128
WeuNWwzw94Y_03135.jpg,4
_FDRwHKVe_c_03313.jpg,128
8yWVNhDpyCY_06464.jpg,128
AYvP_d9c1ns_06754.jpg,128
uXfRAVtj-1g_01332.jpg,128
snek0773PjQ_02552.jpg,128
8V0wqY0sPaQ_01141.jpg,166
7onlrZZJ06M_07164.jpg,128
XXZwE3A6-Ds_09720.jpg,113
hsyKbJUiHQM_00183.jpg,135
8t6F8abARao_05556.jpg,128
6QhhRDHOri4_05005.jpg,128
Mq7WfGHHZOc_03035.jpg,128
QErk8RRy8MU_00000.jpg,42
ZzwpoO7R3eQ_00090.jpg,24
jGSHtdGsZIA_06857.jpg,128
JJC66R-hkeQ_04620.jpg,128
NyA9DSz8TNo_02801.jpg,128
LUD12S2scoE_00803.jpg,24
SP7mlQh9H9U_02818.jpg,57
XXZwE3A6-Ds_08815.jpg,128
6wr2X59MqxE_00613.jpg,128
OjbjyNb66sQ_00000.jpg,128
0nifAVL-CmQ_11400.jpg,135
EUhClqgbYpg_10057.jpg,128
yA-icaUdEpQ_00326.jpg,128
oh0JJcf4z6A_07070.jpg,128
BhsBSmrTB-U_03366.jpg,128
xItFimDTz0I_02018.jpg,128
6AloN1OuwRY_01745.jpg,158
tCg66bcmuHM_09293.jpg,128
Px27gP__n5M_03808.jpg,76
Q5XydFugEoA_05808.jpg,128
p-BeIWNfsh4_03417.jpg,128
3qhUDigU3js_14924.jpg,113
ahYEJPgBuZ4_05497.jpg,128
Mq7WfGHHZOc_03016.jpg,128
5sk_9IdGvsU_00000.jpg,128
axQImJQZ7nk_01338.jpg,128
IfdmbAXnouw_08859.jpg,128
h7Z9FhQJStk_01044.jpg,128
AMKAMvV-RYo_13184.jpg,128
3gKb0Hz5t14_03817.jpg,158
KsoeAVsm87Q_00085.jpg,128
aGzUNYqFf4k_01888.jpg,128
8t6F8abARao_05511.jpg,128
BhsBSmrTB-U_03353.jpg,128
ebdujdhFRxg_00567.jpg,17
1XN00Gvpdv8_00466.jpg,52
6pFhhmI6Tis_02511.jpg,128
5vSyyrIv4qg_01212.jpg,128
Va4dDWkpIjw_09601.jpg,128
ecB556GtP6M_01300.jpg,128
mIOI_3SQD_E_02117.jpg,57
1a1djYxbmx8_02085.jpg,97
o7e4SSXrubs_01007.jpg,128
ecB556GtP6M_00988.jpg,128
xXKeCZSrSaI_00232.jpg,128
cf-E8KVG-Fk_00859.jpg,128
5rJ85zlGf0g_11458.jpg,57
MepcRUWmsqY_00637.jpg,128
XCNFA90H38Q_10664.jpg,20
SqoGHyvSmwA_01109.jpg,128
5sk_9IdGvsU_00888.jpg,128
eA5PyyioV0I_00434.jpg,2
CTUG73Hw1is_00688.jpg,156
5sk_9IdGvsU_00714.jpg,190
F5rqYBlAdis_03859.jpg,128
SKnrXEQ3D4U_09335.jpg,128
6u5UhvQQWCg_03536.jpg,128
b2_vvWsNF4o_01034.jpg,128
M3oluzdz8Tc_01334.jpg,128
w9yX3S9VdtI_03719.jpg,128
rcB23aBC5Kw_00647.jpg,64
WeuNWwzw94Y_02747.jpg,4
Px27gP__n5M_02208.jpg,128
6bHlRlaW3T8_01579.jpg,82
oh0JJcf4z6A_04912.jpg,128
E9OpcPgczWU_00598.jpg,128
GoSlOW9nam4_00088.jpg,128
pfKZIlrJziY_00491.jpg,82
7td2Nt-Cvn8_06001.jpg,128
8yWVNhDpyCY_02655.jpg,128
qMLqr1DB5pU_00236.jpg,128
3qhUDigU3js_08082.jpg,52
CdS6txYuVXc_10451.jpg,128
6u5UhvQQWCg_00973.jpg,128
j89BWbH4WHY_01534.jpg,128
fEBG6tCTfmY_00999.jpg,128
EUhClqgbYpg_03519.jpg,128
9VV2AshJoJ8_00472.jpg,135
0fHwtZ0JsUs_00000.jpg,16
AYvP_d9c1ns_06692.jpg,128
0nifAVL-CmQ_03287.jpg,135
dI3Lcfl4Fko_00344.jpg,31
vRtRGAAq9wA_01054.jpg,2
KLfbfRQgs5w_05986.jpg,86
4rZvvkqnatc_07659.jpg,2
1ESiE0wuGPQ_01222.jpg,2
En_tBwfm4d8_07500.jpg,2
iHbwksas6VA_00000.jpg,2
gV4TWLH1GAM_11590.jpg,2
kpeVZI3jbPQ_04250.jpg,2
vp_9Y7Wq9qQ_00295.jpg,2
KUsljRxI7cc_00872.jpg,2
GgaM5RjoddQ_03884.jpg,2
pg8t7IoypyA_02703.jpg,2
TbeLumQf9hw_02823.jpg,2
eJjxkkHCXbk_01077.jpg,2
4S8SkQi_Ftc_00174.jpg,2
A5WaFme4oRk_00599.jpg,2
yhHVsVKuUeU_12476.jpg,2
gV4TWLH1GAM_08945.jpg,2
kpeVZI3jbPQ_06333.jpg,2
wTE-1K0lppc_01032.jpg,2
4rZvvkqnatc_07575.jpg,2
EyLr-tomU20_07962.jpg,2
GgaM5RjoddQ_08581.jpg,2
kJr-lRnQ9tE_06371.jpg,2
A5WaFme4oRk_01498.jpg,2
1EDsz5b0Q0U_03022.jpg,2
A5WaFme4oRk_04296.jpg,2
iZ5o34oK0FI_01080.jpg,52
kpeVZI3jbPQ_03746.jpg,2
a343nSIWG4U_00873.jpg,2
oDMKJJTpEeA_00442.jpg,2
4Jo5LFthCkQ_00269.jpg,2
9YBYZvpeqUI_02552.jpg,0
KqcWVJ7l47g_04276.jpg,0
kpeVZI3jbPQ_02478.jpg,2
M_H5gk91Ghg_01930.jpg,2
A5WaFme4oRk_02830.jpg,2
slJDExeSZCE_10534.jpg,2
CMxasSA-WwI_02961.jpg,2
R7HzkNNvS9Y_01582.jpg,17
fkh1qcvS2LE_00194.jpg,2
eCjnU_KRaJs_04214.jpg,42
lRMcBlAVW4I_06756.jpg,128
aRzKMBG3fSA_00328.jpg,2
vRtRGAAq9wA_00464.jpg,2
kpeVZI3jbPQ_02839.jpg,2
fyp2CZEM_uc_05434.jpg,13
slJDExeSZCE_02269.jpg,2
kAOAdI5KccI_00179.jpg,9
m-cYRoACvmw_00000.jpg,183
A5WaFme4oRk_01898.jpg,2
ryo3bhnTePk_00165.jpg,0
gvOAl5-Bv9c_04126.jpg,2
oDMKJJTpEeA_02511.jpg,2
wTE-1K0lppc_01349.jpg,128
GDY86CvsijY_03156.jpg,0
4bx_lxqWukk_01768.jpg,2
npWJ36zPKXw_02944.jpg,2
4rZvvkqnatc_07437.jpg,2
QNCYEnDNh0w_01113.jpg,2
dI3Lcfl4Fko_00173.jpg,2
AFijMWQU7T4_00341.jpg,26
SZUHNDrKfPQ_04279.jpg,2
swOWbLHZDAU_01781.jpg,2
5K-KeMlp6wg_11717.jpg,2
GGZ4vZAT0fI_03199.jpg,2
s5GLUDHmK5k_02836.jpg,2
gvOAl5-Bv9c_00997.jpg,2
kpeVZI3jbPQ_01585.jpg,2
mxBHL7cdn6Q_01164.jpg,2
uV8MnnemWFQ_00299.jpg,0
slJDExeSZCE_11030.jpg,2
KFP5ZnveEbg_02221.jpg,162
I8_FMCEBHoQ_12887.jpg,2
iZ5o34oK0FI_01430.jpg,0
slJDExeSZCE_10492.jpg,2
Qab_cB058LY_00608.jpg,2
xaJf6XLu57Q_00376.jpg,0
0R00jL4sfYw_04176.jpg,2
SZUHNDrKfPQ_01167.jpg,0
gV4TWLH1GAM_10447.jpg,2
vcSzZSV96rA_00721.jpg,2
ESaaZ2IcXuU_01569.jpg,2
pFDXD-9DBlg_01828.jpg,2
4bx_lxqWukk_01205.jpg,2
_S7p-Fhaddw_00528.jpg,2
gvOAl5-Bv9c_03880.jpg,2
MEr_Cuf7aB4_00536.jpg,0
ox6YzyVQww0_01164.jpg,150
9H8DcKcA_J4_10007.jpg,150
TDhrKlcXu_k_01065.jpg,2
xjXjTjSWPjI_00299.jpg,2
ESaaZ2IcXuU_03361.jpg,2
q3i7j1dDMxQ_01556.jpg,2
GGZ4vZAT0fI_02646.jpg,2
TDhrKlcXu_k_01115.jpg,2
nbd-83NP6OQ_00050.jpg,2
y6QDhc9JzVw_05110.jpg,0
aA6evhyvis4_10800.jpg,2
slJDExeSZCE_02470.jpg,2
KqcWVJ7l47g_03114.jpg,150
6ua4d3DSPRc_01515.jpg,2
dI3Lcfl4Fko_00577.jpg,0
694-bJL4d68_00442.jpg,2
A4svqsJ7U20_02628.jpg,110
swOWbLHZDAU_02457.jpg,2
4rZvvkqnatc_07692.jpg,2
uV8MnnemWFQ_01993.jpg,17
4rZvvkqnatc_02800.jpg,2
QNCYEnDNh0w_01126.jpg,2
AtyJ-RY5djk_02165.jpg,128
sf7goRy6HNw_08667.jpg,24
aRzKMBG3fSA_01628.jpg,0
i7kOOpYlLUk_03970.jpg,2
A5WaFme4oRk_03382.jpg,2
PrU6mkhPqOs_12447.jpg,2
En_tBwfm4d8_07240.jpg,2
GgaM5RjoddQ_03602.jpg,2
a343nSIWG4U_01059.jpg,2
4rZvvkqnatc_07394.jpg,2
RPbCTMF5L4A_06446.jpg,10
lbOI0fASw3w_02549.jpg,10
v7RZMVZ9cUU_14463.jpg,135
wAXJmUqlnUw_04412.jpg,10
phXXvbSLidU_03187.jpg,25
UFU8K7JzwhM_02590.jpg,20
k8P9reNZ8Es_01624.jpg,8
dUx08gvy0zw_08707.jpg,10
v0K3u_NEZAY_01780.jpg,4
vCw50rKnj5s_01578.jpg,135
2x4p5dW8vfE_00606.jpg,49
dCi4KYLuarY_03185.jpg,128
LQhYbfIz0n4_01795.jpg,135
5I8dKRzgk5Q_01317.jpg,150
uWi1H8Fgrac_00112.jpg,11
xT4lXgmniVU_03996.jpg,10
wAXJmUqlnUw_04408.jpg,10
xT4lXgmniVU_02981.jpg,10
dUx08gvy0zw_09434.jpg,10
dUx08gvy0zw_05685.jpg,10
3zs0oKPiXt0_00137.jpg,10
GNh-SDt3Kz8_02259.jpg,150
RPbCTMF5L4A_06714.jpg,17
dyjkVexWrmQ_07343.jpg,10
S-FbXFynCPQ_05833.jpg,10
2x4p5dW8vfE_04808.jpg,135
1sM0MRngZ0k_01513.jpg,166
WuM-EAnor4I_00063.jpg,135
WuM-EAnor4I_00000.jpg,15
NVIgqAbZJJc_10947.jpg,135
QEKp6HlUpDQ_00064.jpg,120
TYq-NT0PRuQ_08820.jpg,120
V95V9bnZ4Ow_00514.jpg,128
QYiSMhGwxcc_01733.jpg,120
ipSo2tgKJ0Y_00747.jpg,135
PD0T-Wfuy-E_03515.jpg,150
ipSo2tgKJ0Y_01417.jpg,19
icBKhYosqLo_05755.jpg,120
lchdtYUF4LQ_00930.jpg,94
k6sYBWBCCQM_00343.jpg,120
PD0T-Wfuy-E_07351.jpg,120
sFxjkqzjP8w_06355.jpg,120
qr4zzMrtH4U_00262.jpg,120
0-hzMzEaVc8_02807.jpg,135
y4yZelVCE3o_02384.jpg,120
QEKp6HlUpDQ_00234.jpg,120
WuK9J3EJjkQ_00000.jpg,190
QYiSMhGwxcc_00000.jpg,120
HSnIVCo5MXo_02935.jpg,135
TYq-NT0PRuQ_03297.jpg,120
5ldJ9YWC9sc_00979.jpg,150
RBLep7YHlC0_05103.jpg,120
jje6ct0nRQs_00132.jpg,135
icBKhYosqLo_01180.jpg,120
PD0T-Wfuy-E_07143.jpg,120
mZrsNs_7B7g_07866.jpg,162
2BsSQNWBeok_08489.jpg,120
icBKhYosqLo_05263.jpg,94
GiDHqMEY_3A_02129.jpg,135
7-cBBHiCmGw_05146.jpg,135
jvJ8j2vkzKo_02156.jpg,135
RBLep7YHlC0_05219.jpg,120
NDyOP2sm7EM_00162.jpg,162
Fu4DzQ0n4Vw_01508.jpg,120
Fu4DzQ0n4Vw_02697.jpg,120
Fu4DzQ0n4Vw_02605.jpg,120
2SjB3RXZlJw_05040.jpg,120
PD0T-Wfuy-E_01970.jpg,120
PEnqBo4ODSw_00849.jpg,120
PD0T-Wfuy-E_03585.jpg,120
RBLep7YHlC0_05900.jpg,120
Fu4DzQ0n4Vw_03629.jpg,120
Dxc-3DigTpE_04363.jpg,120
2BsSQNWBeok_01588.jpg,151
45LbnlaJvtI_03581.jpg,135
qaKoc6a4hJk_04156.jpg,26
b26JPrIWjTk_00027.jpg,150
liyDTcGQ2oQ_02784.jpg,26
rh6zg74dIBQ_00601.jpg,150
oVEK1745JGM_03507.jpg,26
EYEGZw9mZ4g_05066.jpg,26
cUnf-PiKfq0_03117.jpg,2
u4lQIh1P53Q_15382.jpg,26
L5uFAVS9Cdc_02840.jpg,26
liyDTcGQ2oQ_02472.jpg,26
CC-XXwpK-Bg_00148.jpg,151
bRC9dEPdl1g_10145.jpg,13
PrU6mkhPqOs_07833.jpg,190
FpJb0msuN1M_05437.jpg,42
liyDTcGQ2oQ_03894.jpg,26
u4lQIh1P53Q_15394.jpg,26
EYEGZw9mZ4g_13392.jpg,26
liyDTcGQ2oQ_00903.jpg,26
1ajVuSVQ61Q_02648.jpg,26
Dp0Bt2cbcc8_00869.jpg,94
5ddCpLubh_4_01136.jpg,94
QlZPEDh5p_A_00378.jpg,82
4EadLrnRhH0_05157.jpg,94
pADINQsCqVo_11463.jpg,94
4EadLrnRhH0_04832.jpg,94
EuYq2-Rojn4_03727.jpg,94
7abf2Vyesrs_02770.jpg,25
5P-9RehItu0_01224.jpg,94
pMnuquRQdyk_02923.jpg,94
6dK_L0dG-Pw_00697.jpg,94
5ddCpLubh_4_00591.jpg,82
fBwZWS46_dM_03500.jpg,94
6nXepeuhjwA_05654.jpg,94
E9c7ExiRn7g_00354.jpg,94
pADINQsCqVo_12727.jpg,94
22TRaxYqhRs_05073.jpg,94
4EadLrnRhH0_04216.jpg,94
uZvxqkAJwhU_08987.jpg,94
OvRdbTQu9HY_14107.jpg,94
TJR7vXpY3aA_03205.jpg,94
4EadLrnRhH0_01108.jpg,94
CJqsqMf1vE0_01126.jpg,94
nJkDxm_keOE_00407.jpg,94
QlZPEDh5p_A_06867.jpg,94
4vS8U1fCuHM_02426.jpg,94
mB1ZWIzoHfo_00244.jpg,94
7ObXtDLIzUU_00244.jpg,94
22TRaxYqhRs_05167.jpg,94
50aax6tq2Bg_01016.jpg,94
pADINQsCqVo_08890.jpg,94
4EadLrnRhH0_06063.jpg,190
mu31o9zzHQs_01312.jpg,11
hg4_xdkNvhs_01651.jpg,94
uzguYX_3q-U_09235.jpg,94
S3uNZPdV8c8_00000.jpg,82
7abf2Vyesrs_03476.jpg,94
fBwZWS46_dM_01024.jpg,94
SRsXL7HVSfg_01254.jpg,94
uyQ2JKbBQT8_03263.jpg,94
pMnuquRQdyk_00383.jpg,94
22TRaxYqhRs_00000.jpg,94
OmuOEouZdrc_01531.jpg,94
ygiE53ukOHQ_00460.jpg,94
nJkDxm_keOE_00641.jpg,94
pADINQsCqVo_08913.jpg,94
pADINQsCqVo_12770.jpg,94
vBz-_6bxiEQ_00623.jpg,94
pADINQsCqVo_08976.jpg,94
uyQ2JKbBQT8_05520.jpg,94
MQEhwzAdec4_00247.jpg,94
TjboLAnkXpw_02211.jpg,94
ygiE53ukOHQ_00211.jpg,94
nEe1Qv-MGYw_03096.jpg,82
BrdCAlGPKts_03094.jpg,94
S3uNZPdV8c8_00500.jpg,8
S3uNZPdV8c8_00821.jpg,8
Px9Pi1DKTrE_05821.jpg,94
pADINQsCqVo_04653.jpg,94
4EadLrnRhH0_04672.jpg,94
qlsCC4y77WA_15462.jpg,94
pADINQsCqVo_08333.jpg,94
4IfF6PyV_i4_03113.jpg,94
HMABgIHLcWs_00527.jpg,94
6jHElpHvlC0_00499.jpg,94
pADINQsCqVo_04117.jpg,94
pADINQsCqVo_08689.jpg,94
zrCmHuHBwfs_05763.jpg,24
uZvxqkAJwhU_10244.jpg,94
Dp0Bt2cbcc8_01400.jpg,94
Dp0Bt2cbcc8_00718.jpg,94
QlZPEDh5p_A_07703.jpg,94
pADINQsCqVo_08304.jpg,94
8JJeDZYbSXQ_01254.jpg,94
4EadLrnRhH0_01471.jpg,120
TjboLAnkXpw_05315.jpg,94
ofjpgeZUop8_08970.jpg,94
Gp_rzfOSNPY_02016.jpg,94
Px9Pi1DKTrE_02288.jpg,94
pADINQsCqVo_08483.jpg,94
uyQ2JKbBQT8_03050.jpg,94
JWQrWHxyikw_01083.jpg,94
9TJVA2lwW4A_04551.jpg,94
FWqjC6BeWN0_00916.jpg,56
MgLmarTfXs0_00174.jpg,0
Vb_aBuQKjZ4_08120.jpg,56
UPwKs00bw5Y_02097.jpg,151
IlC4dfNhPW4_03774.jpg,151
0GNNFBrRz1E_11313.jpg,56
M5w6-ZoQi0A_01318.jpg,151
Vb_aBuQKjZ4_00135.jpg,56
0GNNFBrRz1E_01572.jpg,56
IDeKQmR3MCs_01088.jpg,151
FHYwnl_I4ks_01435.jpg,42
9Eb1UI18PuE_04831.jpg,56
eBdMd8UaT_Y_07965.jpg,151
st6u8U8l0G4_04079.jpg,151
QnxuZ74J3Q4_02758.jpg,151
_ps9MB8pvts_00464.jpg,151
UPwKs00bw5Y_02784.jpg,151
cZIW4PPWm8U_09839.jpg,56
e0bWU7iI8ng_04044.jpg,56
0GNNFBrRz1E_12309.jpg,56
7BywPb67huY_11957.jpg,56
e0bWU7iI8ng_02312.jpg,56
CMCpnJZin1k_02187.jpg,150
_QWJa0yC7oQ_01381.jpg,56
qrjg3MLrbYM_01331.jpg,56
e0bWU7iI8ng_03951.jpg,56
lkI-7CIJ8DU_01236.jpg,151
opXy-YBRq7k_01826.jpg,151
00sMAa9Noh8_02494.jpg,56
8nnD3EJs1rU_02135.jpg,151
lyj-5x5RDyc_03248.jpg,151
e0bWU7iI8ng_06148.jpg,56
aE1ULHa7ViM_04269.jpg,151
2s-ex4NPlfg_01627.jpg,16
qrjg3MLrbYM_01287.jpg,151
WqspwZorLGU_01734.jpg,151
Vb_aBuQKjZ4_04548.jpg,56
FHYwnl_I4ks_03113.jpg,56
Vb_aBuQKjZ4_03447.jpg,56
M1d_puqCq3A_00344.jpg,56
e0bWU7iI8ng_04555.jpg,56
OeVYRjMYjWY_00258.jpg,56
dQpPEudltI8_00833.jpg,56
0GNNFBrRz1E_02515.jpg,56
6-iywj5Foxk_00515.jpg,1
5pYB0yx8mH4_01270.jpg,1
_hVWIKfTSKw_03435.jpg,1
SlxNn215pkY_05273.jpg,1
_hVWIKfTSKw_01241.jpg,1
IQin3x3XHJI_04996.jpg,1
IQin3x3XHJI_03392.jpg,1
IQin3x3XHJI_01326.jpg,1
0E1PQJg49VU_02888.jpg,1
XaBPW6n4Nmw_00553.jpg,1
BSu6OJ5te-I_00670.jpg,1
ea50_kuzHxE_00486.jpg,1
joLmTFwxSkQ_03793.jpg,1
vjTPNqHHmxs_02426.jpg,1
X4a2pmYx7qk_00990.jpg,1
1Y9qmN8MUy0_00029.jpg,1
0E1PQJg49VU_06061.jpg,1
zKqnlxdaHmY_00830.jpg,1
G9eqsEgNklQ_04767.jpg,1
CPQbWkWUQsc_01272.jpg,1
lCbaLww4sFg_01972.jpg,8
IQin3x3XHJI_05831.jpg,1
0yf6y3XBLQ0_00897.jpg,1
AGgT3ux6B5o_08266.jpg,1
uGpA4Dl267k_06236.jpg,1
1LK0uZkcJZM_02040.jpg,1
uGpA4Dl267k_02204.jpg,1
bLaEvly5YKE_01400.jpg,1
5jTBpIiFcqQ_00529.jpg,1
SlxNn215pkY_05159.jpg,1
oGDHNZOYmbs_13969.jpg,1
6-iywj5Foxk_00961.jpg,1
_hVWIKfTSKw_06080.jpg,1
qPbNs3S0a8I_05703.jpg,97
zKqnlxdaHmY_00348.jpg,1
15k-5iMko8w_00029.jpg,1
BSu6OJ5te-I_00585.jpg,1
IQin3x3XHJI_00617.jpg,1
1Y9qmN8MUy0_02693.jpg,1
m1xUZh0RSdU_02895.jpg,1
G9eqsEgNklQ_05863.jpg,1
2nrZrvYQut0_00676.jpg,1
vjTPNqHHmxs_01862.jpg,98
S_JuVX51R2Q_04877.jpg,1
1LK0uZkcJZM_00000.jpg,19
urECG0A42ng_01562.jpg,1
IQin3x3XHJI_00855.jpg,1
5pYB0yx8mH4_00079.jpg,1
2K5cUVxXZ54_00530.jpg,1
0yf6y3XBLQ0_00186.jpg,1
zY3yIytHmj0_06518.jpg,1
_hVWIKfTSKw_06026.jpg,1
0b1_1vE8eoA_05949.jpg,25
_hVWIKfTSKw_04872.jpg,1
AGgT3ux6B5o_00970.jpg,1
7FVLSmCBJD8_11216.jpg,1
15k-5iMko8w_02354.jpg,1
15k-5iMko8w_02512.jpg,1
gEQUWj6GNyk_06088.jpg,1
ea50_kuzHxE_00488.jpg,1
1Y9qmN8MUy0_06339.jpg,1
XYWH_lb76KE_00690.jpg,1
2K5cUVxXZ54_00499.jpg,1
3d1lsIG-GlI_05586.jpg,1
lX3Dy2ffqJ0_05795.jpg,25
Z23iMysaPwQ_03134.jpg,11
Pq_p5dyb-oY_01056.jpg,25
M7wRpR4LU8Q_00391.jpg,128
LW_njAFAhJA_05105.jpg,25
tQRlZw4Rad0_01926.jpg,6
M7wRpR4LU8Q_04203.jpg,25
LiPTQx0ac8Y_01673.jpg,11
MX9mkBzsMpY_01562.jpg,25
kduaFZz9oQY_05235.jpg,25
sCJHZSb7hlA_03312.jpg,25
nTWOcSS6TbQ_01587.jpg,25
S_M5s0vIcEM_06109.jpg,25
pBnlP1qC6no_03840.jpg,25
kduaFZz9oQY_02690.jpg,25
5nb-5pVHydU_00497.jpg,25
d4cumyUn0HY_04751.jpg,25
_hau617Vex8_01900.jpg,6
ExXt6dZ_rNk_00303.jpg,168
ejjO6ITECow_00213.jpg,168
t-tnk1LPhnU_00000.jpg,168
1Lnw_v-VUPs_02364.jpg,168
B2mYbfg7jaM_10000.jpg,168
1Lnw_v-VUPs_01761.jpg,168
k4ACuU--Raw_01031.jpg,168
1_MROIfd6II_00000.jpg,168
1Lnw_v-VUPs_00957.jpg,168
1Lnw_v-VUPs_01656.jpg,168
1Lnw_v-VUPs_00428.jpg,168
Atu3oyZlp7o_01000.jpg,168
JGQNIPyjOuo_00000.jpg,6
fFkgT3xRgbA_00000.jpg,168
CzIv55ElPSQ_00000.jpg,168
RVkriPSwA3Y_05523.jpg,5
1-8F-gAFBcs_01573.jpg,204
EFghGR7xWDI_03699.jpg,204
be-4UDBsFzU_05071.jpg,204
VpNu2pQJKfQ_01912.jpg,162
ossqKiAP0_I_03736.jpg,204
39vI5bLSmvA_00530.jpg,162
ZK1zIc48Q5w_02257.jpg,204
Ehh23-V3ciQ_06206.jpg,204
nZbhRK-FrB0_09197.jpg,204
XBfEnfFbl6o_05676.jpg,204
rqX_XqeOYBY_00000.jpg,204
MrpOBBPGmgs_03546.jpg,204
CB2lyAAS6Mc_03393.jpg,128
BtXNamdT8rM_08392.jpg,204
uijYQ07vVh0_04258.jpg,204
D8AqzVOvU2Y_00842.jpg,162
Qsp62aoF5Jc_01943.jpg,0
nip_gkEkegY_01199.jpg,204
I7h1-C-YdOI_09386.jpg,9
E36DS7FFTSc_01124.jpg,30
WX13DJE1wBU_04344.jpg,11
6_sLF3OBtc8_03092.jpg,11
y6Od1Rmtqf8_00140.jpg,11
lCkGFvqJ-X4_02153.jpg,11
-8fEeueL6a0_01326.jpg,11
kdvRSwYAQVA_00439.jpg,8
BPbizq5KpgQ_01627.jpg,11
OVbPr2z5IWk_00000.jpg,11
SiipTqRBde4_04717.jpg,11
G-9NcHykLTA_04614.jpg,11
GiiUVJybi7A_09299.jpg,7
OVbPr2z5IWk_01503.jpg,11
Hp2S1USUq3U_01580.jpg,11
tWVZgp-eQG8_01003.jpg,25
ojhKtzwJTm4_02560.jpg,11
roiP360wZKE_09850.jpg,11
x0G08lidQNg_01856.jpg,42
rYKtWL0bkkg_06231.jpg,11
HfNlRgtxoT0_06173.jpg,11
vl0i08iGC2I_00429.jpg,11
qCTyPUNjADQ_02090.jpg,10
kpkUswO_HeA_03627.jpg,25
LX2XnSIF7Qo_06173.jpg,7
CMxV1Tnb5mg_10460.jpg,11
ccKsqZj3Vrg_02117.jpg,11
Xw_BHmByjAM_00202.jpg,11
yLRXBlXVQRA_00742.jpg,11
8z8Nileuq5Y_02481.jpg,11
-KmsoByCgTE_03894.jpg,11
o2dQROh_BpA_01617.jpg,25
NDk9_Oyw1PQ_05260.jpg,11
y5x9xJ7rLmI_05544.jpg,11
RO_Myj1_6_M_01525.jpg,94
r7Gwaoru_gg_00655.jpg,128
TnUk_-gMnB8_00928.jpg,11
VPL59Jod_CU_04274.jpg,11
qZUKTyRtL0Y_02330.jpg,11
eygquDTqRHo_02951.jpg,11
QaLmTRpFe3Y_11992.jpg,44
G3OZvsFdoF0_05911.jpg,113
_hau617Vex8_05123.jpg,11
uH5eTFU6eRM_00092.jpg,11
9ldPdyxkca4_04658.jpg,135
_hau617Vex8_05132.jpg,11
T3sgbipBWwg_12477.jpg,11
cosWi0n6kgk_00988.jpg,11
rYKtWL0bkkg_01737.jpg,11
SUVYuq1kNOI_09102.jpg,11
GDK7ly_JwYc_04207.jpg,8
WLexzfEsc2Y_10571.jpg,11
oTVKckgd7D0_02815.jpg,8
_XSRRMW5TC4_03399.jpg,11
rtwQPFg4YBQ_00606.jpg,11
eMQ1G4hTS1w_10614.jpg,11
EwStEi2ScG8_02824.jpg,25
C8MgH9u5Q6o_01038.jpg,11
qvOZV2x-ErQ_01276.jpg,25
2vwyMZDYsx0_04185.jpg,44
PDaW6kohY0o_06468.jpg,7
eygquDTqRHo_02470.jpg,11
2uFU5KFsUhs_01470.jpg,11
6xftdgXU3DA_00343.jpg,11
QaLmTRpFe3Y_12986.jpg,44
_hau617Vex8_00518.jpg,11
71bCN2RvX7w_01205.jpg,11
b-w6yVn-fFc_01044.jpg,25
3eylU7OeIBk_02067.jpg,11
2uFU5KFsUhs_01826.jpg,11
Jd3A1Oh3KgQ_01353.jpg,11
4VEy6RP45Pk_03054.jpg,44
HfNlRgtxoT0_07924.jpg,11
2tWkHiX8K5o_01700.jpg,11
BW1IsHNn8iM_08435.jpg,11
r7Gwaoru_gg_01397.jpg,11
_TugE6xRTEY_03013.jpg,11
ewkz036a944_02261.jpg,11
tTOkndNGbso_02063.jpg,11
Kz49kdjmNFA_01733.jpg,11
S_HrZ5r1EzQ_03202.jpg,44
fuokiCZ0FOA_02557.jpg,135
9TJVA2lwW4A_03014.jpg,25
6jXN80cNWNs_09586.jpg,11
d1tV9SxrccY_01036.jpg,11
1eTSE4U2QK0_00976.jpg,28
oM2QJ7ABrEI_01506.jpg,11
AbZUxRsE6EM_01079.jpg,44
kD_yUKB85HM_00000.jpg,82
_WzBGnioCls_00603.jpg,25
2uucpO_3f2k_06638.jpg,25
33T7MltfPGE_01028.jpg,11
VIS-okyTpIM_08190.jpg,11
hKWosn-YZ3o_04240.jpg,11
eMQ1G4hTS1w_02114.jpg,11
F4ovVbk4hP0_03501.jpg,11
_hau617Vex8_00576.jpg,11
9ERpBDev2oM_00000.jpg,135
65mQtjchFdQ_00150.jpg,11
5IuRzJRrRpQ_00955.jpg,11
0Z65qwDms7U_00233.jpg,11
TDg3pEah-Gc_04591.jpg,11
2tWkHiX8K5o_00190.jpg,135
DHj9j1UYbAA_09762.jpg,42
r7Gwaoru_gg_02313.jpg,11
5ySqNOX6KxE_02198.jpg,135
qnq7euJ73kw_08951.jpg,11
b-MbEx1Iqj8_00270.jpg,11
ufwz8nDkI_Q_02818.jpg,1
2uucpO_3f2k_06553.jpg,24
6_sLF3OBtc8_02513.jpg,11
778rYLWbcMs_01142.jpg,11
3V56VXL0PPs_09712.jpg,11
cYGytFPWcjE_04210.jpg,11
ijIxKUAgB7w_02332.jpg,128
Abz4ZbcESKA_01636.jpg,11
F4ovVbk4hP0_01604.jpg,11
6Aj8v2QmjcA_09421.jpg,11
KFCodkH917k_07147.jpg,8
7I_X57GcSTw_04040.jpg,135
LVkNEkr0QPQ_01316.jpg,11
3zCAohJUH50_01792.jpg,11
ojhKtzwJTm4_06913.jpg,11
ewkz036a944_01777.jpg,11
58fWNmsEM1A_01672.jpg,11
Abz4ZbcESKA_01815.jpg,11
xLsFUtbX51Y_04615.jpg,8
QMnn4l0FwG4_01725.jpg,7
So5tgIbW81o_04889.jpg,156
D9CaGSKGzbk_00470.jpg,8
tCNgetoOFjE_02992.jpg,8
xLsFUtbX51Y_04376.jpg,171
tCNgetoOFjE_03022.jpg,8
Du9eKNTgAFg_04102.jpg,11
D9CaGSKGzbk_02454.jpg,8
A60F1488bxw_01723.jpg,8
455oSK3nA2I_01021.jpg,7
ojhKtzwJTm4_06262.jpg,8
yzRZDzLTwrc_14160.jpg,8
r0CwydJ3_P4_05560.jpg,8
oVrKzYP476s_01555.jpg,8
mZgSZBTTRcA_00060.jpg,8
1P9VOVXsoLA_10635.jpg,8
oWt8IXACnqg_01288.jpg,8
4zqYCG7Tg70_02453.jpg,8
A1f1kvKAsKM_03905.jpg,44
r0CwydJ3_P4_11221.jpg,8
So5tgIbW81o_05040.jpg,8
htBRpB64sYQ_14009.jpg,97
6cIi8rdzj50_03935.jpg,8
r_Gk1whxRs8_02338.jpg,50
8z8cI8EFt-g_02258.jpg,8
skYLmxFviG8_06762.jpg,8
uJXsiyov2AM_03818.jpg,8
1P9VOVXsoLA_14414.jpg,98
tCALjANX8B4_05300.jpg,8
4zqYCG7Tg70_01573.jpg,8
37LHdSJOKmQ_00671.jpg,97
yzRZDzLTwrc_09604.jpg,8
skYLmxFviG8_03177.jpg,8
v0hjtKzxvRU_05921.jpg,8
RnAh_yMaVdE_00091.jpg,11
sYqzl4xH4Ts_10444.jpg,8
CW22ZLfuY_0_02363.jpg,8
iDlLCKnOB2M_02325.jpg,8
iDlLCKnOB2M_09658.jpg,8
amwE4tnOUVA_00100.jpg,8
6cIi8rdzj50_03423.jpg,8
shGA-qurh_E_00641.jpg,8
8z8cI8EFt-g_06028.jpg,8
zYGjzajwNIs_06435.jpg,8
r0CwydJ3_P4_02572.jpg,7
r0CwydJ3_P4_08369.jpg,7
IZhSi0WJtKM_04285.jpg,8
nMIfsnmNGK8_00279.jpg,7
1P9VOVXsoLA_03975.jpg,8
ewr-vzw4ZWo_04083.jpg,10
oWt8IXACnqg_02564.jpg,8
tCALjANX8B4_01047.jpg,8
k5R_XwLso0Q_05397.jpg,8
9c2Atsc4JnM_06287.jpg,8
JISPuZok08I_02950.jpg,8
yvLvoi3h6lU_15764.jpg,8
JISPuZok08I_02537.jpg,8
_XSRRMW5TC4_01843.jpg,8
IxLQ2vjgNZA_03407.jpg,8
DrpNgJU3lwI_02185.jpg,97
s2SPB1xdxBY_11709.jpg,8
6cIi8rdzj50_02741.jpg,8
_XSRRMW5TC4_03124.jpg,8
tCALjANX8B4_03126.jpg,50
CW22ZLfuY_0_03137.jpg,135
rSznvuywzEY_03006.jpg,8
JISPuZok08I_02785.jpg,8
_duOR6K5xbw_08620.jpg,156
Q1N-RTIR1dk_02235.jpg,135
uJXsiyov2AM_03161.jpg,8
0NIoPNiUt7o_03896.jpg,8
8z8cI8EFt-g_01267.jpg,8
1P9VOVXsoLA_01505.jpg,8
DrpNgJU3lwI_03729.jpg,97
G-XP4k7jFKc_03369.jpg,8
oTVKckgd7D0_00181.jpg,8
evBGqAiuB7E_02556.jpg,8
A-faE9Gu2c0_03761.jpg,135
k5R_XwLso0Q_07502.jpg,8
rSznvuywzEY_07842.jpg,8
DjPv6uKLSPY_02307.jpg,8
So5tgIbW81o_04563.jpg,8
oTVKckgd7D0_09010.jpg,8
A60F1488bxw_01822.jpg,8
RnAh_yMaVdE_01473.jpg,8
skYLmxFviG8_06784.jpg,8
UdYfTV0sCSM_02809.jpg,6
5BZh3OCuoS0_02861.jpg,8
kSHo9xhrpdk_00236.jpg,8
zYGjzajwNIs_06481.jpg,8
ewr-vzw4ZWo_04520.jpg,8
G-XP4k7jFKc_03273.jpg,8
K62-WvsPUjg_02401.jpg,8
YLPVXcgbNSQ_00890.jpg,8
rmcQSeAa4M0_02697.jpg,8
9w4Rapjz-NM_03285.jpg,8
4zqYCG7Tg70_01549.jpg,8
r0CwydJ3_P4_13463.jpg,8
G-XP4k7jFKc_03240.jpg,8
tCNgetoOFjE_04651.jpg,8
qkNSogHOg9M_01726.jpg,42
3BfNRUOoNIE_03193.jpg,42
qP0wcVHLU4c_00662.jpg,42
D8AQfyoMjpk_04418.jpg,42
cOv2TDLv8wU_10329.jpg,42
D8AQfyoMjpk_01758.jpg,42
cOv2TDLv8wU_04650.jpg,42
qP0wcVHLU4c_02961.jpg,42
jQKQOuJt7SE_07072.jpg,42
E8IwAjMHrh4_02363.jpg,42
5mjJLh5oqSw_00653.jpg,42
s0N81VG1R_g_01554.jpg,42
QuRWCGH21Wk_03584.jpg,42
_Ynt54lyJGw_00331.jpg,42
o5w6QUCPm2w_00000.jpg,42
qkNSogHOg9M_01800.jpg,42
Mo3zOXdWEtk_01346.jpg,42
zvSn1nIDXfg_02333.jpg,42
CAWE87eRD6c_00116.jpg,42
2Tzk6dDTs9c_01077.jpg,42
QuRWCGH21Wk_03298.jpg,42
e-aFP_PxOd8_00000.jpg,42
2Tzk6dDTs9c_01294.jpg,42
lyIKMg__Yss_00010.jpg,42
_Ynt54lyJGw_01165.jpg,42
wBDk55xgPSA_00204.jpg,42
THERX5WLPCI_00432.jpg,42
6-SKQf6EN_s_02461.jpg,42
YBM99Z1a2jc_06201.jpg,42
wBDk55xgPSA_00000.jpg,42
6-SKQf6EN_s_03758.jpg,42
AY4tGuV7xhc_00348.jpg,42
6-SKQf6EN_s_02623.jpg,42
pTH8QHmpoNA_01000.jpg,42
SryV1cz_ZMA_03729.jpg,42
U94qRFmHoo4_04161.jpg,42
MqzBgu91wBs_02210.jpg,42
6-SKQf6EN_s_07759.jpg,42
grZz7WzbBXM_02000.jpg,42
Gy-bPvUMZos_00000.jpg,42
6-SKQf6EN_s_05222.jpg,42
cOv2TDLv8wU_08241.jpg,42
oVb_diFDfmE_00928.jpg,17
cOv2TDLv8wU_01406.jpg,42
ivXmXvYSoNc_00000.jpg,42
REbQ_07yLlU_02708.jpg,42
2xjkyIZSjvM_04000.jpg,42
_Ynt54lyJGw_01178.jpg,42
7t8BzhTqwB0_04113.jpg,42
6-SKQf6EN_s_00369.jpg,42
KOuWAMukPjM_03139.jpg,42
UJsN7VGqHBo_03336.jpg,42
7t8BzhTqwB0_05122.jpg,42
6-SKQf6EN_s_06129.jpg,42
CJF4dxfDIkc_05462.jpg,42
Z4tSR8IzC2o_00000.jpg,42
s0N81VG1R_g_02666.jpg,42
MqzBgu91wBs_02921.jpg,42
czYNJkSzl-M_00388.jpg,42
wxjWmvn9vjs_00346.jpg,57
aLTIfqknNRU_04459.jpg,42
7ljaPOLO-Tk_01060.jpg,42
WWqZlnMz9yE_00000.jpg,42
6-SKQf6EN_s_06400.jpg,42
D8AQfyoMjpk_01459.jpg,42
KOuWAMukPjM_08572.jpg,42
qkNSogHOg9M_01696.jpg,42
bH8oqs0vKxg_00174.jpg,52
6-SKQf6EN_s_07445.jpg,42
SryV1cz_ZMA_01270.jpg,42
afZ4bpFm7Tg_01000.jpg,42
qkNSogHOg9M_02684.jpg,42
p5xH7ovUqCE_02076.jpg,42
6-SKQf6EN_s_07576.jpg,42
eohfjLMHDmg_02716.jpg,42
6-SKQf6EN_s_07534.jpg,42
YBM99Z1a2jc_00824.jpg,42
E5ThTSYt-rQ_06724.jpg,42
E8IwAjMHrh4_01821.jpg,42
KOuWAMukPjM_07242.jpg,42
rAxS3LEe9Xs_00153.jpg,42
L-YM6VzZ_d4_03387.jpg,42
cOv2TDLv8wU_02518.jpg,42
6-SKQf6EN_s_00459.jpg,42
6-SKQf6EN_s_00298.jpg,42
E8IwAjMHrh4_01475.jpg,42
qaFKf9wJY2U_00553.jpg,42
5FrNjG0xmSs_00261.jpg,42
qP0wcVHLU4c_09342.jpg,42
6-SKQf6EN_s_08840.jpg,42
0O200AVGGko_01583.jpg,42
6QA_tCJFa3Q_00203.jpg,42
YBM99Z1a2jc_05437.jpg,42
NZNc12T3N8E_01551.jpg,1
CDFbfUnr2lE_07999.jpg,171
PjIkgSK2bbM_10000.jpg,98
VuHzy670qQw_05794.jpg,171
YjqMAmOdPJE_10903.jpg,98
Uiz4qNneH-4_12936.jpg,20
Kpq3UXNXgHI_09025.jpg,171
PjIkgSK2bbM_01082.jpg,98
MRIkMhtf53A_02692.jpg,157
m3Dmgxa5Kzo_06126.jpg,50
MRIkMhtf53A_05091.jpg,6
15P2Pisr7K8_01688.jpg,98
LFZFbrcrs68_03487.jpg,98
skGJwu9trsI_04398.jpg,171
15P2Pisr7K8_06596.jpg,1
5Zp5SDOAp0c_11115.jpg,98
cRqZAhoDNeE_14623.jpg,98
fcyMJyBfDUo_01615.jpg,98
oVp5taUCAlc_01784.jpg,98
oXCR7twx3O8_03727.jpg,98
j1q79eA3wR4_00581.jpg,98
CcSHovb-BMQ_00717.jpg,98
Uiz4qNneH-4_09025.jpg,171
itmWPv2L4-U_07779.jpg,98
WKlOhAjyr2A_02576.jpg,171
oeFSIb_hM8o_07737.jpg,19
6KRJouIDEaU_00501.jpg,19
bk4aFTqS0Rk_00565.jpg,19
dQSdI0s1bg4_01264.jpg,19
El8A38OXcLM_01821.jpg,19
FeJfdKb52E0_02262.jpg,19
DMKm0r7eZXY_00897.jpg,19
xTSBhaYHqJw_08618.jpg,19
Em6n0n4t1kI_09215.jpg,19
8OFBbsVAeXQ_03000.jpg,19
XM6q4Qj-5bw_06624.jpg,9
dQSdI0s1bg4_01365.jpg,19
v9OUTZQuZAU_01632.jpg,19
xTSBhaYHqJw_00047.jpg,19
AT7p0xgZlG0_04339.jpg,19
xTSBhaYHqJw_00672.jpg,8
esvbJvODlUQ_05239.jpg,19
oeFSIb_hM8o_08119.jpg,19
0VfWNUlf1H0_01418.jpg,19
Em6n0n4t1kI_08928.jpg,19
8YckoGvJCSg_00317.jpg,19
jUavI4IJ60U_03586.jpg,114
ofBXXPGooCk_04340.jpg,19
5RgS1sEBK30_00793.jpg,19
0vmwXPoxtcQ_01425.jpg,19
qLVdu5olfn0_03238.jpg,19
htp69IS3KAE_04984.jpg,19
ofBXXPGooCk_02633.jpg,19
esvbJvODlUQ_02402.jpg,19
WOl6b5yMn5U_02764.jpg,9
esvbJvODlUQ_00811.jpg,19
Em6n0n4t1kI_06734.jpg,19
nxYHR-z4RII_03975.jpg,42
Wd1tDcplTic_02466.jpg,11
1kO0iAeKWuM_06097.jpg,52
jK0j4tiyytw_01108.jpg,128
uKVnjnTSv_A_08190.jpg,52
Z-DP85lP0Mg_05312.jpg,52
5ppwCRcnvjs_02109.jpg,52
fYsuBmk2ciY_10796.jpg,52
B_UwTeUZ5tU_00218.jpg,52
W0V-hB-RGdM_01753.jpg,113
H-cVpDZbHV0_01563.jpg,128
_EfDVO9ca90_03073.jpg,52
iMYqAKwdHJQ_07273.jpg,52
QYx1IrMutPI_02449.jpg,52
hCRJCCmSgCU_09142.jpg,52
8WY49-YvU00_00705.jpg,128
7EOuX8dexqw_07707.jpg,52
TXkPCy8KMTc_01538.jpg,52
mrnoeZsBx58_04007.jpg,52
ffPIhZs4l4I_01539.jpg,128
V8xsZ50-93E_01588.jpg,128
NIKCstu89zk_04250.jpg,52
BAkqdr-H0tw_09916.jpg,52
9PVD3wcACeU_03589.jpg,128
NADszG9W2K4_01984.jpg,52
2irSP-6ftho_00230.jpg,128
xIS5_lw0jIQ_00494.jpg,128
69Ap8WsenXc_05189.jpg,52
Eiznagnni28_06448.jpg,128
Z-DP85lP0Mg_04752.jpg,128
26hhv1v9b1U_03980.jpg,52
BBJNmhfhQRw_03397.jpg,52
bo1KQQv6XTA_00377.jpg,52
nVyxLqHrAfA_06644.jpg,52
ZJRfMdu5jAk_01805.jpg,52
6UIae8IsfSI_04511.jpg,52
o6jpD1dqB7Q_03004.jpg,160
iTq9CxK6gZc_04424.jpg,52
6bHlRlaW3T8_01874.jpg,158
Va4qK_XbvCc_02997.jpg,52
gp01NXa0vS4_04549.jpg,24
HpaqpfduVAs_00215.jpg,128
gp01NXa0vS4_07006.jpg,52
lfJ1QhSu4Rw_07326.jpg,123
YD0hXVEu-NQ_00200.jpg,113
4Eqfad9F47g_02088.jpg,52
Mq7WfGHHZOc_08297.jpg,52
4Eqfad9F47g_01071.jpg,52
xIS5_lw0jIQ_05180.jpg,52
T9aJiu8yur8_00701.jpg,97
YdDnMQ3pLz4_01348.jpg,128
SFZ39w4lx0c_01454.jpg,52
XBbvF6lgTD4_02083.jpg,52
j89BWbH4WHY_05217.jpg,52
26hhv1v9b1U_04611.jpg,128
dML3pRVq3E8_05874.jpg,52
1MZOTl3AJ0s_13353.jpg,113
fYsuBmk2ciY_11195.jpg,128
1XN00Gvpdv8_03973.jpg,128
xfk6H1kHtec_00874.jpg,52
Wt9V_NZqHBk_05609.jpg,158
Z-DP85lP0Mg_01900.jpg,128
gp01NXa0vS4_06840.jpg,113
XxiEESGGJgc_01884.jpg,15
QctPDZujLSg_00644.jpg,15
9m4i1zJDPdU_04386.jpg,162
eFvpFp0SRiw_05445.jpg,15
C2aWqmIJlds_00174.jpg,15
7AjmaDsauVY_00735.jpg,15
z6MBCh7o2kA_01455.jpg,15
rzhw6a5CBWA_04605.jpg,15
svfQtbhIdD8_00210.jpg,15
cUH18dDr-Kw_05919.jpg,89
C2aWqmIJlds_00616.jpg,151
5hKd22FpHvU_00933.jpg,15
BKt9a8LNdSE_05408.jpg,15
DGrDF0ScE5I_05430.jpg,15
u2iO55GnsCs_07685.jpg,15
DGrDF0ScE5I_03833.jpg,15
cLZJMBTzRnE_01139.jpg,128
B9G88j18zDw_02218.jpg,165
b6YGmXBYj1c_04772.jpg,165
Qwhtg63OTSM_00180.jpg,165
b6YGmXBYj1c_07044.jpg,165
glQcUkV48_s_15245.jpg,165
AqTNE15CpX4_01010.jpg,165
AqTNE15CpX4_05366.jpg,165
pofXacIBqrc_00953.jpg,165
pofXacIBqrc_01068.jpg,165
onv5GDNJIhY_06144.jpg,165
K-3bCj2EQDM_02361.jpg,165
AqTNE15CpX4_04692.jpg,165
b6YGmXBYj1c_07641.jpg,165
B9G88j18zDw_03225.jpg,165
Du9eKNTgAFg_03108.jpg,165
onv5GDNJIhY_06202.jpg,165
onv5GDNJIhY_06266.jpg,165
B9G88j18zDw_03997.jpg,165
P0KYga1YQo0_02747.jpg,165
gtnuQCniXS0_02562.jpg,165
gtnuQCniXS0_02405.jpg,165
b6YGmXBYj1c_07295.jpg,165
q3_e-BxoJX8_01854.jpg,165
b6YGmXBYj1c_07126.jpg,165
x_L_ykc6mGw_09641.jpg,50
b6YGmXBYj1c_07596.jpg,165
AqTNE15CpX4_01922.jpg,165
BNV91lUuqms_01762.jpg,165
b6YGmXBYj1c_07492.jpg,165
KIOq4hQqxsc_15090.jpg,165
onv5GDNJIhY_06081.jpg,165
gtnuQCniXS0_03620.jpg,165
pofXacIBqrc_00607.jpg,165
onv5GDNJIhY_06647.jpg,165
dbMFEIku4dI_00269.jpg,24
4EZOodrNWgU_05944.jpg,113
xb7AvTWMJ64_01528.jpg,24
fBFNaCGu4Ks_01503.jpg,24
1FRZJlnzOaw_03563.jpg,24
6qKAj_IMUGY_01859.jpg,24
g8906kr_V8Y_01316.jpg,24
8R-uTuekyq0_02501.jpg,24
YITVOA7MDnI_01614.jpg,24
6bsQuifkRSU_06197.jpg,24
XGKYlPITn6U_00932.jpg,24
2sXXdDcK-AE_02233.jpg,24
6Xc_RHAw3ds_00713.jpg,24
eHXuEazoYyQ_00631.jpg,24
N0lMyIvxNTs_04396.jpg,135
Y4EASeZ6IeM_01370.jpg,24
yuQfELoZ9fo_02502.jpg,24
h95H-ZV42EM_01625.jpg,24
eHXuEazoYyQ_01200.jpg,24
9UyOprSFAro_01744.jpg,11
EHWfonQfz1Y_01662.jpg,24
Xrtplc_OE9I_00925.jpg,24
dbMFEIku4dI_00384.jpg,24
wyR64tVPsKg_00504.jpg,24
6qKAj_IMUGY_01765.jpg,24
wSpLHsGk4so_06637.jpg,24
Tte4w3ob_Fo_00873.jpg,24
k7hFiK8Rh-4_14653.jpg,24
ypSBAGUH9xk_00325.jpg,24
e9o6IrLQSrI_01237.jpg,52
iFS9RsWwKSo_00498.jpg,24
YITVOA7MDnI_01625.jpg,24
qF_gvlAl0-Q_00309.jpg,24
vxfPyvSdCK8_00191.jpg,24
Yau8EWeq5PQ_00217.jpg,24
9J_pQ5kCpK8_00900.jpg,24
hAdImP_rAj4_00276.jpg,24
qG682w9sqwY_00148.jpg,24
3Yd0uQ3rnos_04357.jpg,24
3Zz4Z80iK7c_01080.jpg,24
wyR64tVPsKg_00242.jpg,24
1P6lirTg6Ds_00723.jpg,24
qVO89xE8o1I_01043.jpg,24
qCsMHJMgkYo_00266.jpg,24
wJxmOwN7eS4_04389.jpg,24
o3T7paQTcjc_01038.jpg,24
oZP1AcbJozM_01073.jpg,24
wGAAzulconQ_10087.jpg,24
hLtRy8HCWfY_00587.jpg,24
jwm4UXcxf2U_00767.jpg,24
YITVOA7MDnI_00995.jpg,24
6pn7efepRag_03521.jpg,24
n00qAOF1grI_02414.jpg,24
TS9ixewwZqA_05922.jpg,24
p5AjcMyOQi8_02211.jpg,24
zeMmB4X_T8c_02646.jpg,24
1EV2tLKJpyU_07898.jpg,24
PUd6KlCGHk8_01803.jpg,52
uDocbJe12OQ_00749.jpg,52
5u_k1rWk32A_03863.jpg,24
_f1wF169Ffk_07463.jpg,24
BCzmcS1jrbs_01310.jpg,70
2sXXdDcK-AE_02761.jpg,24
h95H-ZV42EM_00647.jpg,127
ZzwpoO7R3eQ_02927.jpg,24
4EZOodrNWgU_02942.jpg,24
ythmWU4Nen0_00950.jpg,24
9UyOprSFAro_04889.jpg,11
qx3lKqRexhU_01386.jpg,24
uzpWFybfLRc_15606.jpg,24
4EZOodrNWgU_04717.jpg,24
wGAAzulconQ_01602.jpg,24
SmtKPPhWRWI_01299.jpg,25
eHXuEazoYyQ_00045.jpg,24
G3OZvsFdoF0_09125.jpg,24
OccwUfG2114_05270.jpg,24
6bsQuifkRSU_12349.jpg,128
rD5xqo3Xbu0_00332.jpg,24
ythmWU4Nen0_02313.jpg,24
n00qAOF1grI_09555.jpg,24
rXCfcQXv54I_01748.jpg,24
aEUbl9oT_0s_04257.jpg,24
s1bFpZ_Y7Hg_00000.jpg,24
sLOPgfRyxHg_04394.jpg,24
6t_tv8CAKqY_02222.jpg,24
hlpw1CpBleM_08033.jpg,24
vUm8xfi9avY_05093.jpg,6
5iR3TYgTzxw_05056.jpg,98
X4y8TCAkOZ0_01477.jpg,6
GHc0nzcuwKg_02552.jpg,6
3p5pkqoqHlg_10001.jpg,135
_89ktPIOv2E_02935.jpg,6
LjPZjjaQTq4_10797.jpg,6
5U82Q8shYwI_09843.jpg,6
SobjxWRibE0_00909.jpg,6
HAvRDzAc_Ig_02282.jpg,6
GHc0nzcuwKg_02513.jpg,6
gzJtsi7OKtQ_06694.jpg,6
GYldJ3fRkjs_04466.jpg,6
VNfCm5s7U9Y_07103.jpg,44
HkcThBTNAxY_03808.jpg,6
vUm8xfi9avY_01464.jpg,6
wq-L-ELl8Vk_00477.jpg,8
AiTCgjr08so_06224.jpg,6
1DniGYghWmU_05024.jpg,6
HAvRDzAc_Ig_03930.jpg,6
wz4CodOZVpM_08006.jpg,6
wz4CodOZVpM_02615.jpg,6
ftkDx8emU80_05606.jpg,6
datvszwva68_03756.jpg,6
5U82Q8shYwI_09968.jpg,6
X2RjucWZ2ik_05855.jpg,6
MUdNPozh1VA_02885.jpg,6
9zJEVBpsNe0_00025.jpg,158
SntkmfYUoW0_05237.jpg,6
SmIcu_tigtU_05037.jpg,6
datvszwva68_00053.jpg,6
_kjA0fcEiUU_04937.jpg,82
v53aJHx6Ajk_01768.jpg,6
yGB_7MHkcIU_02672.jpg,98
U7IhX-lf1Ak_00255.jpg,6
Th8KYJNyxeY_11022.jpg,6
eQA0sfMhNis_04062.jpg,6
MUdNPozh1VA_00771.jpg,6
uYdY4K1YUSY_06669.jpg,6
yXnF9SiU1AU_00623.jpg,6
QsvOxoUd1_A_05175.jpg,6
qwuzZkGbhBQ_00841.jpg,11
dGSETw8NjZ4_00789.jpg,6
yjnaVrrPZqk_04233.jpg,9
yjGi-6tSzGs_04259.jpg,6
LjPZjjaQTq4_01527.jpg,6
7tZx0jUHc8c_05965.jpg,6
X2RjucWZ2ik_13685.jpg,6
B4adkjC_ZBU_06314.jpg,6
HLB23U3Leec_11322.jpg,6
r4k0eZslNV8_00103.jpg,6
B4adkjC_ZBU_10060.jpg,6
lTAlBoWIhAo_03264.jpg,6
DK1wUzGHdWI_05895.jpg,6
5U82Q8shYwI_10248.jpg,6
ssjYnPCnXGs_01441.jpg,6
MYh02-UmnGs_06159.jpg,6
HLB23U3Leec_04764.jpg,6
SmIcu_tigtU_03420.jpg,6
Ph_Be9ZSeR0_03459.jpg,6
gHVZOwYmb0g_00787.jpg,6
zsN6jS4Wy4w_05699.jpg,6
Lay-eCE2OdI_00578.jpg,6
C4J0L7i7fGM_01400.jpg,6
JWMEDIyY710_02048.jpg,6
yLUxzgdeD78_11475.jpg,6
bCDqgnrspRQ_00319.jpg,6
xUbfV_ZXSXk_04610.jpg,8
ifPH7hEztUE_07478.jpg,6
lvveZFnPAcY_02475.jpg,6
JWMEDIyY710_07727.jpg,6
LjPZjjaQTq4_05823.jpg,6
SmIcu_tigtU_05294.jpg,6
GOsL1WHJI4w_00691.jpg,6
yXnF9SiU1AU_00378.jpg,6
X2RjucWZ2ik_07480.jpg,6
8F4kHJ3f3xE_05288.jpg,6
mnbiRWI_lcE_10589.jpg,98
cs7-Tw7eocI_00425.jpg,6
Z8mJWia5omE_01057.jpg,82
Yb82-solv5U_02252.jpg,6
_l8vVkRpSdY_03448.jpg,6
Ba39k5Zrias_03303.jpg,23
bVwzdRWjt9U_08997.jpg,23
4lFkbJphYm8_01443.jpg,23
WYVKLOi5p5Q_08081.jpg,57
3RHWcxfxB6o_02108.jpg,23
b59REMZXc3c_03860.jpg,23
DdDW5lelkRI_09010.jpg,23
AQW_jG3W7WI_12013.jpg,23
ZHSPLH5-zvw_05082.jpg,23
YidNRS2_xqM_06762.jpg,23
5bk-knXKYmY_07183.jpg,23
Ba39k5Zrias_02824.jpg,23
ZHSPLH5-zvw_03904.jpg,23
H8A02mx3dAI_04694.jpg,23
MEnHPTbf6dE_02107.jpg,23
ZS4PfHJeFyc_02306.jpg,23
GS89imYSZR8_03101.jpg,23
MEnHPTbf6dE_01635.jpg,23
ExAe4W3CdGY_02479.jpg,23
0nGOeKwpGH4_00842.jpg,23
Yjz_fuO8zVA_05370.jpg,23
LzgrNllEqPA_03537.jpg,23
6ZY8raPkDys_06802.jpg,23
IMFfJ6dZb2g_03673.jpg,23
XY9h2Ot1zR8_01684.jpg,56
LQ6pXqkv-5s_05839.jpg,23
dfDP_2MEfI4_03930.jpg,23
BbOZCMbryI0_01027.jpg,23
_r0syG5xAlg_05346.jpg,23
f_cOlUKIYy0_02764.jpg,23
ThTh0ptLwfo_00261.jpg,23
Kve7o5wcev4_04112.jpg,23
U-yDIOh6AmU_04056.jpg,23
5bk-knXKYmY_06586.jpg,23
ZS4PfHJeFyc_05375.jpg,23
VWX7iwVc0Oc_01008.jpg,23
CM5pNHmoNEo_04446.jpg,23
CM5pNHmoNEo_00113.jpg,57
5bk-knXKYmY_03306.jpg,23
__kupr7KQos_05262.jpg,23
GS89imYSZR8_04231.jpg,23
YidNRS2_xqM_04513.jpg,23
_3Lb-lGfkL4_05217.jpg,23
TuAGqlnt7B8_14984.jpg,23
GS89imYSZR8_04268.jpg,23
_3Lb-lGfkL4_04621.jpg,23
ZODJivxqFtk_06133.jpg,23
BbOZCMbryI0_08238.jpg,23
C3qxIoyIysM_02008.jpg,171
JECooRTSJrI_03691.jpg,171
tuFjRSDwOjw_06284.jpg,97
cdPqGpij7vI_01975.jpg,6
bosCMWHBCmk_12288.jpg,171
G_XkHM8T2DQ_00758.jpg,97
W1rEZOyAfac_06936.jpg,158
D1YdfC6VFl8_06281.jpg,98
20crtxQDlJw_02844.jpg,98
4BWf4vQ3B9A_00323.jpg,171
fSZLEUFh5Zk_05966.jpg,98
IK-DRCL7YEc_03455.jpg,171
W1rEZOyAfac_00817.jpg,158
Srw7-xTmA2w_13763.jpg,158
fIBBWLjAFzU_04258.jpg,171
JThGq9_hSys_04513.jpg,0
71bvKydh5gk_04295.jpg,66
71bvKydh5gk_06046.jpg,66
71bvKydh5gk_01894.jpg,66
71bvKydh5gk_05964.jpg,66
71bvKydh5gk_05121.jpg,66
71bvKydh5gk_01177.jpg,66
71bvKydh5gk_04650.jpg,66
a_HNXvnrbRU_01410.jpg,37
71bvKydh5gk_01514.jpg,66
71bvKydh5gk_03881.jpg,66
a_HNXvnrbRU_06140.jpg,66
JThGq9_hSys_06462.jpg,0
a_HNXvnrbRU_03681.jpg,66
R-gqVUPrkJQ_01528.jpg,72
R-gqVUPrkJQ_02621.jpg,72
wyuRF3R14CU_03343.jpg,175
03FRktt6G1w_03775.jpg,175
b-ZmrXItjdo_00462.jpg,175
21yKMd9GuqY_02629.jpg,175
wyuRF3R14CU_04492.jpg,175
wyuRF3R14CU_01264.jpg,175
raWjkVa0glM_00000.jpg,13
21yKMd9GuqY_02404.jpg,175
21yKMd9GuqY_02861.jpg,175
03FRktt6G1w_00507.jpg,175
wyuRF3R14CU_01698.jpg,175
foUWwKuT080_05231.jpg,57
mIOI_3SQD_E_03727.jpg,57
g_PRZY0swPs_13873.jpg,57
7cHw2fy9QHI_03376.jpg,57
SiHZxxBg0oU_00949.jpg,57
2tlsmV7JfF8_04451.jpg,57
7cHw2fy9QHI_03033.jpg,57
SiHZxxBg0oU_03856.jpg,52
mIOI_3SQD_E_04528.jpg,57
dYID8IVom6Y_01055.jpg,57
ZK84WqSF8SI_11458.jpg,57
oC6tnNPN0ng_07082.jpg,57
mDb_aFjbOEY_02481.jpg,57
i1-n-6frKgE_00942.jpg,57
2UUTUSZjPLE_01161.jpg,57
fcNEifqy7uw_06585.jpg,57
jGy5eKKYiG0_05545.jpg,165
2UUTUSZjPLE_01915.jpg,57
PDmTXM7vJ_g_08613.jpg,57
VunCqiW12_U_03781.jpg,128
FimPUrjMvP4_00428.jpg,57
DqPk86h7hCc_02343.jpg,128
Ytp-pm301Uo_06346.jpg,23
ooMslfBsJ0g_06446.jpg,57
k1FNu_Jy7CE_00720.jpg,57
ooMslfBsJ0g_05748.jpg,57
KIO0n_IjBaA_03378.jpg,57
pOggFBjZz_E_03125.jpg,4
foUWwKuT080_00000.jpg,57
Jjj8E3nUGSg_02328.jpg,172
foUWwKuT080_03930.jpg,13
bHg4v_zs144_11898.jpg,204
LCJtvtUlhPk_07454.jpg,100
hI2CHDTamx4_00317.jpg,20
LCJtvtUlhPk_07603.jpg,100
bHg4v_zs144_12218.jpg,204
86fx2LzZw_I_06218.jpg,100
5hCahYi63xQ_00828.jpg,38
6nx__lXVHx0_00124.jpg,38
7YgUMTGP9O8_02587.jpg,38
Bdx6xMuWQWU_01850.jpg,38
9if1Dic7yX8_01195.jpg,38
v0K3u_NEZAY_01463.jpg,38
H41i4uOveUI_03350.jpg,38
6Xp5Uf6Is1M_03860.jpg,38
1G43kvVHd7o_07072.jpg,38
6nx__lXVHx0_01333.jpg,38
8S3xBVVdnLE_01745.jpg,38
9IHbikWV-Wc_00527.jpg,38
AxDrPCnHq10_00324.jpg,38
RW8JgA-Qz8s_00831.jpg,38
8Qo9yFFdTGo_04563.jpg,38
1G43kvVHd7o_07683.jpg,38
GFI3-UaoyfQ_00581.jpg,38
aaMbyi0bgRk_02181.jpg,38
BvqcFo8yqU4_01880.jpg,38
1G43kvVHd7o_02221.jpg,38
AxDrPCnHq10_06127.jpg,38
1G43kvVHd7o_05227.jpg,38
K9QjlWQazr0_00576.jpg,38
ezzgZb-f58I_00770.jpg,38
ASuf8XVA1lk_02579.jpg,38
LxNI9xfwHJ8_00951.jpg,38
Alt-ehDc3fc_02257.jpg,38
9OnP4yQUUjc_00981.jpg,38
8UksnUyBfUA_00216.jpg,38
6cBLBq8GqDM_03635.jpg,38
JFZuPJn9hCI_00517.jpg,38
8S3xBVVdnLE_02451.jpg,38
ASuf8XVA1lk_00538.jpg,38
ASuf8XVA1lk_01546.jpg,38
1Jq4tPutdGQ_02479.jpg,38
1_JlhywUlvU_01797.jpg,38
0_X2ScFTi5M_01888.jpg,38
8Qo9yFFdTGo_00929.jpg,38
M6QJSbdmhsU_01705.jpg,38
1G43kvVHd7o_01791.jpg,38
RW8JgA-Qz8s_02872.jpg,38
1_JlhywUlvU_01128.jpg,38
-jNEYX7oKLI_09680.jpg,38
7YgUMTGP9O8_02149.jpg,38
H41i4uOveUI_01182.jpg,38
8UksnUyBfUA_02163.jpg,38
1Jq4tPutdGQ_02652.jpg,38
H41i4uOveUI_01881.jpg,38
JJ6UIU14tRM_01874.jpg,38
3RJayxWw-jE_01415.jpg,38
JFZuPJn9hCI_00404.jpg,38
AdX-7rhYR6M_01083.jpg,38
1Jq4tPutdGQ_01010.jpg,38
-h9uTe3B0SM_02937.jpg,38
M6QJSbdmhsU_03760.jpg,38
LxNI9xfwHJ8_00310.jpg,38
NVeTGvwk8y0_00682.jpg,38
LxNI9xfwHJ8_01985.jpg,38
6Xp5Uf6Is1M_00377.jpg,38
LufrnOktZiA_02291.jpg,38
REmAcVnNYbE_05363.jpg,38
6cBLBq8GqDM_04070.jpg,38
0JrNDWfDZu0_00000.jpg,38
REmAcVnNYbE_08822.jpg,38
Alt-ehDc3fc_03012.jpg,38
S6R8EzKqRQI_02812.jpg,38
ASuf8XVA1lk_02833.jpg,38
KftPwi-VtOI_00759.jpg,38
9if1Dic7yX8_00290.jpg,38
8QFBUkOrLN4_01217.jpg,38
6Xp5Uf6Is1M_02179.jpg,38
BvqcFo8yqU4_02147.jpg,38
ezzgZb-f58I_01003.jpg,38
Bdx6xMuWQWU_01259.jpg,38
1G43kvVHd7o_07659.jpg,38
vuUULRIHA24_00685.jpg,43
M6QJSbdmhsU_01931.jpg,38
1G43kvVHd7o_07331.jpg,38
1G43kvVHd7o_01536.jpg,38
9q4WjjSxD68_01564.jpg,38
M6QJSbdmhsU_00884.jpg,38
6Xp5Uf6Is1M_02050.jpg,38
9OnP4yQUUjc_00198.jpg,38
JFZuPJn9hCI_03074.jpg,38
AxDrPCnHq10_03110.jpg,38
9q4WjjSxD68_01908.jpg,38
mRTG7LPH67M_09301.jpg,38
7yJpVFzSteU_01847.jpg,38
59sSNNykfpQ_00101.jpg,38
M6QJSbdmhsU_02345.jpg,38
59sSNNykfpQ_01333.jpg,38
6nx__lXVHx0_00248.jpg,38
Bdx6xMuWQWU_01094.jpg,38
Al6KQ3lXAXs_00348.jpg,38
K9QjlWQazr0_01310.jpg,38
6cBLBq8GqDM_01415.jpg,38
FY--KGLMd5M_00238.jpg,38
6nx__lXVHx0_00544.jpg,38
-h9uTe3B0SM_02573.jpg,38
REmAcVnNYbE_08279.jpg,38
5A3fNXvkZqg_05549.jpg,38
JFZuPJn9hCI_03667.jpg,38
6Xp5Uf6Is1M_03605.jpg,38
6nx__lXVHx0_00832.jpg,38
KftPwi-VtOI_04345.jpg,38
H41i4uOveUI_02600.jpg,38
AdX-7rhYR6M_01445.jpg,38
C9zi1ILvizc_00407.jpg,135
RW8JgA-Qz8s_00349.jpg,38
K9QjlWQazr0_01164.jpg,38
H41i4uOveUI_04554.jpg,38
6cBLBq8GqDM_00809.jpg,38
LxNI9xfwHJ8_01807.jpg,38
aaMbyi0bgRk_02857.jpg,38
sqIyA9sGZHI_02380.jpg,17
UN0SLzFNpDs_09359.jpg,9
nuxM5-PsQ-Q_01072.jpg,190
nuxM5-PsQ-Q_01898.jpg,137
LWAg6ACqbLU_02951.jpg,17
VV1cMmCKxmY_04593.jpg,0
GTCGzrqE_BA_02755.jpg,17
U3YQMfV3dkQ_05317.jpg,17
yaoES9T8pTk_06114.jpg,17
XigySGqneLc_06764.jpg,17
oV7h8mu4-lw_01552.jpg,128
ya_Qj50LylI_00510.jpg,137
jcmeJRw3C4g_03678.jpg,17
oDQUqtvQMOM_01078.jpg,17
DkYHNO2vNG4_01525.jpg,190
nuxM5-PsQ-Q_03280.jpg,17
5IpFaVhRPAE_07609.jpg,17
7AjmaDsauVY_03032.jpg,17
XigySGqneLc_04466.jpg,17
kchEKv7f7jo_01105.jpg,17
5X6e7Su9CdQ_08026.jpg,44
cd_wozV-akk_05204.jpg,44
hMbDxERftcs_06684.jpg,44
BZ6isBVPcpc_05088.jpg,44
cd_wozV-akk_02834.jpg,44
BZ6isBVPcpc_00768.jpg,44
QaLmTRpFe3Y_13479.jpg,44
QaLmTRpFe3Y_13443.jpg,44
4WmcYel7e70_06220.jpg,44
QaLmTRpFe3Y_13463.jpg,44
tz_rocCyfho_01928.jpg,44
1xF7E7-cV48_05645.jpg,44
hMbDxERftcs_07060.jpg,44
BZ6isBVPcpc_04720.jpg,44
PDp_ev8oirQ_01159.jpg,44
hMbDxERftcs_01990.jpg,44
15qzhJiCXkA_04540.jpg,44
P3VxJ-usb7Q_00499.jpg,44
oxwSmoIZ2aU_01271.jpg,44
QaLmTRpFe3Y_13415.jpg,44
3o3rX3eMcj0_06735.jpg,44
UMbA6-vew8s_00958.jpg,44
UMbA6-vew8s_03344.jpg,44
hMbDxERftcs_06784.jpg,44
56j_3cYjpwY_03116.jpg,44
hMbDxERftcs_01757.jpg,44
hMbDxERftcs_03268.jpg,44
UMbA6-vew8s_00781.jpg,44
BZ6isBVPcpc_02713.jpg,44
hMbDxERftcs_06751.jpg,44
1SzDPmAOZKo_12001.jpg,44
BZ6isBVPcpc_06344.jpg,44
BZ6isBVPcpc_03364.jpg,44
BZ6isBVPcpc_06588.jpg,44
cd_wozV-akk_05313.jpg,44
BZ6isBVPcpc_06528.jpg,44
56j_3cYjpwY_02895.jpg,44
6uWjAoRVE38_12197.jpg,44
cd_wozV-akk_03047.jpg,44
56j_3cYjpwY_02590.jpg,44
hMbDxERftcs_03670.jpg,44
BZ6isBVPcpc_06435.jpg,44
BZ6isBVPcpc_01802.jpg,44
KXk1yI9sdDE_02109.jpg,44
QaLmTRpFe3Y_12598.jpg,44
QaLmTRpFe3Y_13578.jpg,44
O-y4EsSTXKE_01759.jpg,44
QaLmTRpFe3Y_13708.jpg,44
O-y4EsSTXKE_01281.jpg,44
hMbDxERftcs_06737.jpg,44
BZ6isBVPcpc_05219.jpg,44
QaLmTRpFe3Y_13613.jpg,44
oxwSmoIZ2aU_01175.jpg,44
1SzDPmAOZKo_02542.jpg,94
O-y4EsSTXKE_01558.jpg,44
15qzhJiCXkA_04818.jpg,140
56j_3cYjpwY_02472.jpg,44
oxwSmoIZ2aU_01215.jpg,44
oxwSmoIZ2aU_01260.jpg,44
O-y4EsSTXKE_01069.jpg,44
hMbDxERftcs_06915.jpg,44
BZ6isBVPcpc_04825.jpg,44
UMbA6-vew8s_01013.jpg,44
5KPBSwNOVPM_02986.jpg,44
BZ6isBVPcpc_05976.jpg,44
ltz1FX40R6Y_00604.jpg,7
QaLmTRpFe3Y_01449.jpg,8
QaLmTRpFe3Y_13609.jpg,44
tz_rocCyfho_01580.jpg,44
cd_wozV-akk_03113.jpg,44
BZ6isBVPcpc_05128.jpg,44
QaLmTRpFe3Y_13742.jpg,44
KXk1yI9sdDE_02679.jpg,44
BZ6isBVPcpc_00826.jpg,44
O-y4EsSTXKE_05061.jpg,44
BZ6isBVPcpc_04024.jpg,44
hMbDxERftcs_07069.jpg,44
oxwSmoIZ2aU_00923.jpg,44
BZ6isBVPcpc_02652.jpg,44
1F1RwxWAR4I_00030.jpg,44
QaLmTRpFe3Y_13651.jpg,44
BZ6isBVPcpc_06310.jpg,44
56j_3cYjpwY_06108.jpg,44
O-y4EsSTXKE_04702.jpg,44
56j_3cYjpwY_04053.jpg,44
O-y4EsSTXKE_01480.jpg,44
BZ6isBVPcpc_04837.jpg,44
BZ6isBVPcpc_06728.jpg,44
KAc78Q9B46g_01182.jpg,44
BZ6isBVPcpc_02757.jpg,44
O-y4EsSTXKE_01225.jpg,44
UMbA6-vew8s_03359.jpg,44
QaLmTRpFe3Y_13693.jpg,44
UMbA6-vew8s_00644.jpg,44
O-y4EsSTXKE_01549.jpg,44
P3VxJ-usb7Q_00060.jpg,44
O-y4EsSTXKE_04618.jpg,44
O-y4EsSTXKE_04687.jpg,44
hMbDxERftcs_07245.jpg,44
56j_3cYjpwY_05341.jpg,44
cd_wozV-akk_06076.jpg,44
cd_wozV-akk_05802.jpg,44
BZ6isBVPcpc_03760.jpg,44
QaLmTRpFe3Y_13704.jpg,44
sOiZGl_1l8c_04259.jpg,137
_RY8A8016AI_03008.jpg,166
VUiQQ04F3Bg_03937.jpg,137
Gp6cl6nhKNo_01721.jpg,128
UaKA8bkm718_00211.jpg,137
GnaLVgY4OYs_00866.jpg,156
sOiZGl_1l8c_01570.jpg,137
EzFZ9MG6Wow_03548.jpg,137
kiicywUWz34_01920.jpg,137
_RY8A8016AI_05125.jpg,137
Sdsic3d8XN8_03628.jpg,137
Sdsic3d8XN8_04428.jpg,137
qZVhbzBCd2w_04075.jpg,137
Rn71Eyl3-mU_07723.jpg,137
qZVhbzBCd2w_01652.jpg,137
JmktV9YpeI8_04065.jpg,137
VUiQQ04F3Bg_01875.jpg,137
QXfgYjqd4TI_17000.jpg,137
5-gJUpK7Gyk_00185.jpg,137
Rn71Eyl3-mU_02839.jpg,137
VUiQQ04F3Bg_04060.jpg,137
JmktV9YpeI8_03213.jpg,137
EzFZ9MG6Wow_01221.jpg,137
Ono_hs229-w_13000.jpg,156
_RY8A8016AI_01026.jpg,137
qZVhbzBCd2w_02097.jpg,137
VUiQQ04F3Bg_02214.jpg,137
VLdG2ZwZiQw_00000.jpg,128
ku4PgCRMgRo_01670.jpg,20
8oEJBAtayZA_00000.jpg,20
HD-fX4-rEgc_15107.jpg,128
jW_GekniXSQ_01816.jpg,20
2fajzbgwvxg_02704.jpg,20
ku4PgCRMgRo_01773.jpg,20
jW_GekniXSQ_00654.jpg,20
2SjB3RXZlJw_09325.jpg,11
GNLHOuMyTqk_01126.jpg,20
ku4PgCRMgRo_01581.jpg,20
FLbxYOfTqZA_02441.jpg,20
525fL0YlGL8_00770.jpg,20
525fL0YlGL8_00749.jpg,20
i0dyBugWcjk_00723.jpg,20
FLbxYOfTqZA_02155.jpg,20
hrd6ce3ZBig_01402.jpg,2
0aAnMnAYzK4_00599.jpg,128
0xrMSFLOcT8_00784.jpg,20
IElvQVYPmYA_01604.jpg,15
FLbxYOfTqZA_02147.jpg,20
vV3eVPiO_ao_02524.jpg,20
0gMnsxzo2Do_00777.jpg,89
gvh7GOfUh2M_01525.jpg,97
FLbxYOfTqZA_01884.jpg,20
WRYsx28GqBk_01878.jpg,20
0gMnsxzo2Do_02864.jpg,158
CCQ3VzbdO8k_01025.jpg,158
ku4PgCRMgRo_00571.jpg,20
1Kk80h_hob8_03947.jpg,20
2SjB3RXZlJw_04860.jpg,11
GNLHOuMyTqk_02352.jpg,20
w0yl4A_FwsE_00874.jpg,20
SsIzsZstHwE_02416.jpg,20
dfF8Xu_kESE_03329.jpg,20
Q9g3seOtyN0_00165.jpg,135
ku4PgCRMgRo_02828.jpg,20
GNLHOuMyTqk_02284.jpg,20
B8uBvSbiIfs_02314.jpg,20
i0dyBugWcjk_02627.jpg,20
IElvQVYPmYA_00252.jpg,20
0xrMSFLOcT8_00850.jpg,20
FLbxYOfTqZA_02391.jpg,20
SsIzsZstHwE_01537.jpg,11
gGxHm_QarrM_02284.jpg,20
525fL0YlGL8_00798.jpg,20
hrd6ce3ZBig_03871.jpg,20
jW_GekniXSQ_01118.jpg,20
JLM905gSDH0_03550.jpg,20
FLbxYOfTqZA_01929.jpg,20
i0dyBugWcjk_02736.jpg,20
FLbxYOfTqZA_01648.jpg,20
Km65akBPivw_00029.jpg,20
5EWgJtWdKuE_07814.jpg,20
xKQVguroRHI_01788.jpg,20
ku4PgCRMgRo_02009.jpg,20
i0dyBugWcjk_01166.jpg,20
Mb9i5PLBffY_00694.jpg,128
MoYNXtF5dcs_05830.jpg,20
vV3eVPiO_ao_01010.jpg,20
i0dyBugWcjk_01256.jpg,20
gdCMixslLss_00335.jpg,20
vV3eVPiO_ao_02225.jpg,20
29zj0hAcSRY_02520.jpg,20
2fajzbgwvxg_01281.jpg,20
hWukFEFUyiM_00313.jpg,128
i0dyBugWcjk_00420.jpg,20
WRYsx28GqBk_06422.jpg,20
5EWgJtWdKuE_07998.jpg,20
ku4PgCRMgRo_02963.jpg,20
WRYsx28GqBk_01721.jpg,20
525fL0YlGL8_03423.jpg,20
88Ai4_KIsTY_06813.jpg,51
yUfRZzJ4zsA_00290.jpg,13
e-EJb4XsT68_06756.jpg,13
GglZ1qQQB18_08930.jpg,13
88Ai4_KIsTY_03063.jpg,51
YGtroBi88P4_03042.jpg,79
rzHP6-i2u9Q_03251.jpg,13
QWfD6XdbJdc_04582.jpg,158
LB6RC356-XY_04504.jpg,13
5yja_52nQZY_11748.jpg,13
QWfD6XdbJdc_04473.jpg,158
KFP5ZnveEbg_01183.jpg,13
LB6RC356-XY_05371.jpg,9
zduSWebImZs_05611.jpg,13
JxtqlYeF4hU_03370.jpg,13
OHtlTKZUf4o_04138.jpg,13
u3XwMdyia6c_02341.jpg,13
PfI2NA10lDQ_07526.jpg,82
0uBOtQOO70Y_05301.jpg,53
ynUjo99Gzbk_06076.jpg,53
ynUjo99Gzbk_12190.jpg,53
0uBOtQOO70Y_10104.jpg,53
L2zqWf_m9DA_11623.jpg,53
0uBOtQOO70Y_10340.jpg,53
ynUjo99Gzbk_02381.jpg,53
t-UNRLzXAQc_03538.jpg,53
t-UNRLzXAQc_05266.jpg,53
t-UNRLzXAQc_02434.jpg,53
ynUjo99Gzbk_06210.jpg,53
ynUjo99Gzbk_02823.jpg,53
ynUjo99Gzbk_12335.jpg,53
0uBOtQOO70Y_10365.jpg,53
3YPl_BcQtmw_02181.jpg,53
zvUybiBPJHs_00203.jpg,53
L2zqWf_m9DA_04153.jpg,53
t-UNRLzXAQc_02585.jpg,53
TUKvVJs3iTw_02183.jpg,53
2B9PUiVL0cc_02460.jpg,53
rQRbDVG-ra0_01752.jpg,9
Shg_lkccrr4_00000.jpg,4
RmgbuPKg__U_03561.jpg,9
asrVJKZJWnI_03026.jpg,0
EcEG4d4E1-E_00401.jpg,9
coIewQpqTuU_00148.jpg,9
RCun6SXJoBY_00870.jpg,9
ecU_IzHfpXo_03211.jpg,9
TOo51nhMoVw_00000.jpg,9
zwN4tqQrFkA_00304.jpg,9
5fIeFJxCM1A_03144.jpg,9
Flt3iCWbgtw_00767.jpg,9
2yTxvDQpcL4_01989.jpg,9
zwN4tqQrFkA_00000.jpg,9
3BiYQbD-mVk_04328.jpg,9
JH1P4ma_BN8_01756.jpg,13
rQRbDVG-ra0_02117.jpg,9
lg5__mXMI6k_09684.jpg,9
LGr0AamJ7B0_00870.jpg,9
dOn5DD8CJNg_00237.jpg,9
zmTvvA2Klrk_03324.jpg,9
9VY9Xp2ZhK8_03613.jpg,9
IZ63T51-CXk_03517.jpg,9
2x4p5dW8vfE_00712.jpg,9
JH1P4ma_BN8_01653.jpg,9
ERcrtUpyxIE_00000.jpg,9
gJJlfUv9YfU_00000.jpg,9
2yTxvDQpcL4_00489.jpg,9
60MTp_r99P8_00651.jpg,9
lg5__mXMI6k_06746.jpg,9
MShircY-SPo_01169.jpg,9
6eSlsyTWu08_03565.jpg,9
2x4p5dW8vfE_04904.jpg,2
5fIeFJxCM1A_03038.jpg,9
XjPHNaQuOCM_00370.jpg,9
7fIT4dksjHo_00404.jpg,9
ZZrqTcRenok_00846.jpg,9
60MTp_r99P8_00000.jpg,82
RmgbuPKg__U_12604.jpg,9
a1VwE0_QERQ_01889.jpg,9
AT7p0xgZlG0_04003.jpg,9
a1VwE0_QERQ_03329.jpg,9
AcbUmQKf8u0_14679.jpg,7
xVS66VJQuZs_08491.jpg,11
CDFbfUnr2lE_08814.jpg,171
3WKPWJpPCwo_01066.jpg,7
qMpLUNbdlVY_01813.jpg,7
G6UPds6ZABo_00558.jpg,7
jlF_ekXp5PA_04379.jpg,44
DSG1dxCLyyY_13191.jpg,7
G6UPds6ZABo_12088.jpg,7
AcbUmQKf8u0_10232.jpg,7
K62-WvsPUjg_02293.jpg,8
Zfw2-lEUoOo_08444.jpg,18
rcg9bCiAeMw_08937.jpg,7
xalnp-M9yos_04689.jpg,135
3WKPWJpPCwo_00932.jpg,7
muV7h3iwbK0_05457.jpg,7
HS3pfBwBlcM_00317.jpg,7
V_m01zLjKEM_01033.jpg,11
pslzMze9rNk_07835.jpg,8
G6UPds6ZABo_15660.jpg,7
AcbUmQKf8u0_10395.jpg,7
e1kn_f2RHYc_09339.jpg,7
QjZ1J7kNs8I_05524.jpg,8
RO_Myj1_6_M_00295.jpg,7
8nhFfPdV8KA_00482.jpg,7
EKVprq89x9o_00493.jpg,7
7pKyheM4YrE_00067.jpg,82
TS8IFyVHcFU_05093.jpg,44
NgEvA7lgAXg_01850.jpg,98
3WKPWJpPCwo_00820.jpg,7
o3DEA9Uc-lg_05214.jpg,7
AcbUmQKf8u0_14512.jpg,7
s_5lbrEMZDs_00768.jpg,165
xoB_acwcu5s_02137.jpg,7
eBc2rGFeT74_01617.jpg,44
_SA1Zftf26k_02229.jpg,7
uLf-qmuWKfo_12654.jpg,7
ZSkQdBGD47Q_06201.jpg,94
3WKPWJpPCwo_00781.jpg,7
zPCjHyw27Yg_05559.jpg,9
6QSuzQl6pn4_02965.jpg,7
tqBkcXJ_tFw_03985.jpg,7
WuBNsSc1O0E_02430.jpg,8
eBc2rGFeT74_01087.jpg,7
G6UPds6ZABo_00979.jpg,7
MupYgZ_edEE_03716.jpg,11
TKFguFlDy5U_00915.jpg,44
ke3VIGEmdqo_03152.jpg,7
b6YGmXBYj1c_01453.jpg,11
cGypZ9mJLfM_11156.jpg,7
ES142HwbyDc_00261.jpg,44
SuIgG4UY8zk_00468.jpg,8
NbFr4WC1erk_07900.jpg,7
Wjrsqh7dcYc_04906.jpg,7
bKUAARS2TRg_02722.jpg,22
7TTKuLq2LUE_11038.jpg,22
VWYaGgF7TYg_01522.jpg,22
VWYaGgF7TYg_06935.jpg,22
0Jqq9NH7QQE_00317.jpg,13
VWYaGgF7TYg_02656.jpg,22
2CJs7kOG6Gk_03924.jpg,22
FzTu3LdaitQ_00377.jpg,22
VWYaGgF7TYg_06927.jpg,22
VWYaGgF7TYg_04734.jpg,22
Y0WqKx7fDb8_06225.jpg,156
VWYaGgF7TYg_06620.jpg,22
VWYaGgF7TYg_02639.jpg,22
Gj2K7RfKObY_04866.jpg,128
c5-13T8sZ-8_03740.jpg,28
TlntUtxh6Yw_00239.jpg,1
E8mt-qt4r-U_00284.jpg,114
NbM3kgRaf0w_00036.jpg,114
P0ppQdhfWgc_04834.jpg,114
TMLGBzwXsqg_02974.jpg,114
NbM3kgRaf0w_00070.jpg,114
IzY8y0o8Wc8_03944.jpg,114
cuJRm6N0SAo_02132.jpg,114
lxRrReZJqHY_02139.jpg,42
mgeXiV3rF0w_00176.jpg,25
o-Kgl3ePAoo_00436.jpg,5
I_a3HLdwiZ8_00000.jpg,168
s3HhNlysFDs_01570.jpg,5
CxpQmISI0TA_02239.jpg,5
J2B0iR2VSPg_06992.jpg,5
s3HhNlysFDs_01699.jpg,5
GLAVw2dfoeA_03308.jpg,5
MW2rvYkY1qM_01035.jpg,5
lLy67c7_PPY_08863.jpg,6
YXtUetabb30_00317.jpg,5
82jhP7g49UI_00112.jpg,5
J2B0iR2VSPg_02086.jpg,5
J2B0iR2VSPg_05214.jpg,5
MW2rvYkY1qM_01627.jpg,5
En_tBwfm4d8_01666.jpg,168
J2B0iR2VSPg_05014.jpg,5
6gMcFUt4SiE_03053.jpg,0
vow-kxTPatc_15645.jpg,95
E0lvSZydTnU_06213.jpg,95
Sw1mqdKibX8_00319.jpg,0
URM04TnbIr4_01009.jpg,95
E0lvSZydTnU_00267.jpg,95
fRf1Lge4KBQ_01556.jpg,13
6gMcFUt4SiE_01778.jpg,95
E0lvSZydTnU_05824.jpg,95
ChEtlFxGq5M_00774.jpg,95
URM04TnbIr4_01820.jpg,95
M7t0b_9nTcA_00809.jpg,95
BWc7LycDCkM_03078.jpg,95
E0lvSZydTnU_03096.jpg,95
E0lvSZydTnU_03652.jpg,95
M7t0b_9nTcA_04625.jpg,95
E0lvSZydTnU_04917.jpg,95
URM04TnbIr4_02270.jpg,2
6K3KKTCpxBE_03679.jpg,140
15qzhJiCXkA_02001.jpg,140
6K3KKTCpxBE_02554.jpg,140
iMGUeElyj6Q_00583.jpg,10
jeh2GWO93n0_00394.jpg,128
xECHntI5dmA_00158.jpg,15
bN4dwJ6vjIo_08837.jpg,64
bN4dwJ6vjIo_07482.jpg,135
g3Vv6qFne5Y_00457.jpg,94
g3Vv6qFne5Y_02806.jpg,97
vuUULRIHA24_03323.jpg,4
WeuNWwzw94Y_07222.jpg,4
vuUULRIHA24_03106.jpg,4
WeuNWwzw94Y_07441.jpg,4
vuUULRIHA24_00849.jpg,4
vuUULRIHA24_03434.jpg,10
WeuNWwzw94Y_07198.jpg,4
WeuNWwzw94Y_07242.jpg,4
vuUULRIHA24_02116.jpg,38
vuUULRIHA24_02061.jpg,4
vuUULRIHA24_02239.jpg,4
WeuNWwzw94Y_07469.jpg,4
vuUULRIHA24_03403.jpg,4
vuUULRIHA24_03487.jpg,4
qK4UqCYUGqg_00541.jpg,82
EiDMExRyqXM_00015.jpg,82
qcfgrlUsTF8_01812.jpg,82
zf_jkkDh6fQ_02001.jpg,82
t-dE3HaGzyE_00723.jpg,82
S3uNZPdV8c8_00052.jpg,82
AW62Hh3_tDc_01922.jpg,82
EiDMExRyqXM_00096.jpg,82
TqxZS009jek_00060.jpg,82
qK4UqCYUGqg_00138.jpg,82
vhKcgK0itEI_01345.jpg,82
gspQNjbv7QI_00000.jpg,82
xlnWN2PKjtw_00707.jpg,82
R-F0kmif_vM_00601.jpg,82
Xb7tEXZ0Y9E_04040.jpg,82
x2H7zcqjplc_01338.jpg,44
dwlBZCI6PoY_00783.jpg,82
E9c7ExiRn7g_01233.jpg,82
titK5hztzAo_01157.jpg,11
Vw-nYY39hkc_01487.jpg,82
qK4UqCYUGqg_00440.jpg,82
qcfgrlUsTF8_00119.jpg,82
n3tHAnONtno_00343.jpg,82
OhJ3JxwdRss_01863.jpg,82
rImRX01WUsc_02472.jpg,82
3F2ZXUVYW7k_01721.jpg,82
7vMvnOEzzHo_01273.jpg,82
xUYT9x8VmbU_00221.jpg,82
rImRX01WUsc_03643.jpg,82
HbmzR0TdFXc_06299.jpg,94
OP0AVKxDw0c_00309.jpg,190
m400_PEJZSM_04931.jpg,151
HnMeRvVY6qY_02742.jpg,190
YoOs-sMH0Uc_03921.jpg,190
dO-leAHJFmk_09946.jpg,60
YN8IXENqRgo_06504.jpg,190
IU4iexw75sA_01171.jpg,190
m400_PEJZSM_05629.jpg,190
YoOs-sMH0Uc_01126.jpg,190
V6ukiO5e5wY_02465.jpg,190
V6ukiO5e5wY_00306.jpg,190
IU4iexw75sA_01712.jpg,162
m400_PEJZSM_10510.jpg,190
WZj8tTFdUVI_03053.jpg,190
IU4iexw75sA_01293.jpg,150
V11qLE5ZkhM_00841.jpg,190
ubs38mhIPM0_01743.jpg,190
Y1EVFM-ajTk_00916.jpg,190
YN8IXENqRgo_07333.jpg,190
6JYAiTys2XA_02125.jpg,190
m400_PEJZSM_13175.jpg,190
I06jLnhThEM_00252.jpg,41
I06jLnhThEM_01693.jpg,41
U3YQMfV3dkQ_06452.jpg,41
RJ8jdf6A4KQ_04589.jpg,17
I06jLnhThEM_00773.jpg,17
I06jLnhThEM_01324.jpg,41
t6QszhPKU-M_00046.jpg,150
HruBZKH7r9I_06575.jpg,150
MeErpy5tF8I_03402.jpg,150
GQLnPBsXQpM_12551.jpg,150
KqcWVJ7l47g_01408.jpg,150
9m4i1zJDPdU_00000.jpg,150
DGrDF0ScE5I_10717.jpg,150
Ifv1WD18rjM_08476.jpg,150
HruBZKH7r9I_05967.jpg,150
NVIgqAbZJJc_10390.jpg,150
CgbsjsldpMs_05990.jpg,151
Ifv1WD18rjM_08480.jpg,150
AmKWUbgZW9Q_02838.jpg,150
9ciiHYmscGY_00567.jpg,150
u2iO55GnsCs_13300.jpg,150
GQLnPBsXQpM_05294.jpg,150
KqcWVJ7l47g_06327.jpg,150
7byhPYZNgKs_16593.jpg,150
KqcWVJ7l47g_08280.jpg,150
HruBZKH7r9I_07342.jpg,135
5Dle76vhHNM_02222.jpg,97
hMnu4nY8Ip8_02165.jpg,50
AeaBnPlp32M_00831.jpg,50
AeaBnPlp32M_00728.jpg,50
P97ByQnE4D0_02130.jpg,50
bWOHLPBlGtE_00363.jpg,50
TP22bO95WuE_04727.jpg,97
DrpNgJU3lwI_07738.jpg,97
ecrCsNOmSJk_03132.jpg,158
XBIe9umQJv0_04904.jpg,50
Px8L_VXWU9Y_02814.jpg,97
5Dle76vhHNM_03252.jpg,50
8Qk8-TNi7NM_03144.jpg,50
FRA5wEek8Co_07230.jpg,50
9OhlQrG_G7E_00179.jpg,50
FRA5wEek8Co_07458.jpg,97
FRA5wEek8Co_00476.jpg,50
5Dle76vhHNM_03231.jpg,50
WQrZLu4uVbE_00928.jpg,50
5BZh3OCuoS0_02981.jpg,50
FINA9imlhoU_02856.jpg,50
4ckVVmPvuZI_09008.jpg,97
a3HK1Oyfgd8_07316.jpg,50
5Dle76vhHNM_03948.jpg,97
PGLSOH1iXEM_00604.jpg,50
9OhlQrG_G7E_01898.jpg,8
9c2Atsc4JnM_04322.jpg,50
hMnu4nY8Ip8_03311.jpg,97
jW_GekniXSQ_09516.jpg,28
jW_GekniXSQ_09427.jpg,28
6Joey7jIQio_04961.jpg,28
jW_GekniXSQ_09417.jpg,28
3WKPWJpPCwo_00043.jpg,30
3Jqx7d4gb4I_00751.jpg,7
KS7oTEqrQtA_01197.jpg,30
2B_RbYc-GEE_01367.jpg,30
P-RHswHbnow_00761.jpg,11
KS7oTEqrQtA_00911.jpg,135
P-RHswHbnow_04178.jpg,11
ZWTofuyfZZs_03350.jpg,7
2B_RbYc-GEE_01399.jpg,30
LZ9KXy8G0Lg_00000.jpg,120
6pJ6P5HGLIg_00441.jpg,30
kTep0iQTuS8_06274.jpg,30
cRBtP18SL3U_07559.jpg,30
6pJ6P5HGLIg_00358.jpg,30
_xQKjTzQjxA_11258.jpg,79
5K2dWgHU5wY_00150.jpg,79
e3XZzGyymyM_01092.jpg,79
0s75lZ9gEnA_02190.jpg,79
NTHIGxzxMPg_03482.jpg,79
_VL19C7ClfA_01045.jpg,79
NTHIGxzxMPg_05649.jpg,79
uWVCi1XuPqA_00266.jpg,79
NTHIGxzxMPg_03607.jpg,79
F1O1IUhq4gs_08840.jpg,79
QjeVtQDPbqw_02872.jpg,79
NTHIGxzxMPg_03808.jpg,79
2nATnbGQoqQ_02374.jpg,79
RWdRSURbEQM_00000.jpg,2
bD2xy2PlMBw_03627.jpg,79
NTHIGxzxMPg_03786.jpg,79
NTHIGxzxMPg_04088.jpg,79
T3uduNq1hpY_02878.jpg,42
NTHIGxzxMPg_01849.jpg,79
s-Fue-h1zlw_04095.jpg,79
bD2xy2PlMBw_02256.jpg,6
bD2xy2PlMBw_01800.jpg,6
0s75lZ9gEnA_02880.jpg,79
QjeVtQDPbqw_09263.jpg,79
bD2xy2PlMBw_01567.jpg,6
YkKbl4SeD5I_00415.jpg,79
_xQKjTzQjxA_06833.jpg,79
bD2xy2PlMBw_03266.jpg,6
rQB4Hwi4O-M_00494.jpg,37
L-PHz9HWvmI_00000.jpg,42
rQB4Hwi4O-M_01443.jpg,37
pkVeJkLNRc8_05293.jpg,70
eQA0sfMhNis_04986.jpg,70
KDiC3ElmkDE_01147.jpg,70
66NaQpdP2qI_03369.jpg,70
66NaQpdP2qI_08230.jpg,70
eQA0sfMhNis_09652.jpg,70
eQA0sfMhNis_10176.jpg,70
KDiC3ElmkDE_03401.jpg,70
eQA0sfMhNis_04975.jpg,70
gdFztOz1zGg_00401.jpg,20
KDiC3ElmkDE_03379.jpg,70
KDiC3ElmkDE_06854.jpg,70
C4J0L7i7fGM_01213.jpg,7
KDiC3ElmkDE_06910.jpg,70
0UV8E7vWxhU_00227.jpg,2
4YspZcIRPXw_02253.jpg,86
4YspZcIRPXw_00582.jpg,86
syxZ7Ncu7Rs_00073.jpg,110
QPklDWo-T1M_03997.jpg,86
QuRn0yzHRA8_01678.jpg,86
QuRn0yzHRA8_00984.jpg,86
_OgZFQcvg1Q_00696.jpg,135
7tsBJpqoK_0_00496.jpg,127
E_BOTTHGCRo_00000.jpg,24
7tsBJpqoK_0_04925.jpg,127
ejr3DnUUaQI_02675.jpg,127
HZjaLrUo1SQ_02652.jpg,127
7tsBJpqoK_0_03950.jpg,127
HZjaLrUo1SQ_05388.jpg,24
7tsBJpqoK_0_00548.jpg,127
7tsBJpqoK_0_01357.jpg,127
eyHJ6kSrJ8o_00244.jpg,24
HZjaLrUo1SQ_04062.jpg,127
HZjaLrUo1SQ_05011.jpg,24
BtmXXvT7ESQ_01637.jpg,127
7tsBJpqoK_0_00541.jpg,127
BtmXXvT7ESQ_00563.jpg,127
GLPbffLeKy0_00633.jpg,24
BtmXXvT7ESQ_00170.jpg,127
7tsBJpqoK_0_04913.jpg,127
7tsBJpqoK_0_01440.jpg,24
JkWoyZbRNj0_04447.jpg,170
JkWoyZbRNj0_04409.jpg,170
JkWoyZbRNj0_06836.jpg,170
LDnXtVyEMTY_01339.jpg,157
vva3cILHdFA_00000.jpg,49
5H2X2My3EKc_00220.jpg,128
vSDVGHaJYWc_02738.jpg,98
C2aWqmIJlds_00798.jpg,49
0aKXAnPy5s0_00435.jpg,119
UBc52w1k-dc_01833.jpg,119
NYFiglXtm7w_07868.jpg,119
PlRQGsx5qHs_01627.jpg,119
Z2s1aqxjBTY_02806.jpg,190
SoUU9MamDms_00360.jpg,79
0aKXAnPy5s0_01557.jpg,137
VH6q6Jy-yzs_04079.jpg,119
rQRbDVG-ra0_00100.jpg,119
Xl6hK5OkwG8_02504.jpg,135
3yzVVN43Z5o_02262.jpg,119
3yzVVN43Z5o_01214.jpg,119
Z2s1aqxjBTY_01871.jpg,119
YjOq5g6oPUM_00313.jpg,119
EWIz4eYj3fE_00084.jpg,119
3yzVVN43Z5o_01751.jpg,119
guMXsTsqDbk_00000.jpg,119
5yGmRx3ymWI_00978.jpg,119
95B8N7WGaoU_03590.jpg,205
djmf63oMiWs_05725.jpg,205
fIlot_yc8xQ_02023.jpg,13
5zr-wFuvneE_05554.jpg,205
95B8N7WGaoU_03626.jpg,205
5zr-wFuvneE_10061.jpg,205
djmf63oMiWs_05730.jpg,205
e2SoivHIdXM_02955.jpg,38
e2SoivHIdXM_02378.jpg,64
dRQ_CmBTPsQ_00169.jpg,195
U4NceKwIhKQ_04972.jpg,195
80F7RVezVhM_01115.jpg,195
dRQ_CmBTPsQ_02205.jpg,195
dRQ_CmBTPsQ_00000.jpg,195
RrDwhAJnegM_06221.jpg,195
dRQ_CmBTPsQ_00965.jpg,195
dRQ_CmBTPsQ_02079.jpg,195
TdEir3CYDMM_02871.jpg,128
PYUIHcnAgbc_02563.jpg,160
Vt9-JtK7II8_04289.jpg,160
PYUIHcnAgbc_07309.jpg,160
0nkBJ5ZtZT8_01595.jpg,160
GEnUgOhYJgQ_03056.jpg,76
LHNPoSBJvn8_09036.jpg,24
Vt9-JtK7II8_04417.jpg,160
HEWBxdqhdmE_01745.jpg,160
PYUIHcnAgbc_08896.jpg,160
Jepm6rPRQPE_11937.jpg,24
3aPpkPGzkMI_04338.jpg,160
7C-qzaHmxWA_05731.jpg,160
Vt9-JtK7II8_03646.jpg,160
8BNYmg9asQc_05124.jpg,160
PYzbif2-fGo_03568.jpg,51
NFHdej1LQrA_04932.jpg,17
411PRE9wiXI_15727.jpg,51
411PRE9wiXI_16363.jpg,51
411PRE9wiXI_16079.jpg,51
St4OIQFJyFA_15727.jpg,51
CZp5IpT9mpk_00000.jpg,204
VPxAN5ud0O8_00943.jpg,110
VPxAN5ud0O8_01642.jpg,110
cR_wuVexbFg_06615.jpg,110
MQ98mvkKE4Q_06712.jpg,110
UUiEHkBOMd4_11826.jpg,39
UUiEHkBOMd4_08110.jpg,39
1paf5vsB9a8_01613.jpg,39
UUiEHkBOMd4_11857.jpg,39
UUiEHkBOMd4_11581.jpg,39
UUiEHkBOMd4_11750.jpg,39
YcicN3xD-SU_01632.jpg,39
UUiEHkBOMd4_11833.jpg,39
1paf5vsB9a8_01321.jpg,39
UUiEHkBOMd4_08394.jpg,39
UUiEHkBOMd4_11756.jpg,39
UUiEHkBOMd4_11767.jpg,39
UUiEHkBOMd4_04903.jpg,39
UUiEHkBOMd4_04958.jpg,39
UUiEHkBOMd4_08290.jpg,39
7abf2Vyesrs_04212.jpg,39
UUiEHkBOMd4_11495.jpg,39
UUiEHkBOMd4_11664.jpg,39
UUiEHkBOMd4_04749.jpg,39
17rZTpoXVzw_01473.jpg,39
UUiEHkBOMd4_11690.jpg,39
YcicN3xD-SU_04185.jpg,39
TAOrHz9s1gQ_04956.jpg,39
UUiEHkBOMd4_11482.jpg,39
rZWpnx6UKBs_00436.jpg,39
17rZTpoXVzw_00112.jpg,135
17rZTpoXVzw_01083.jpg,94
LOTQJVWxHSI_00651.jpg,39
UUiEHkBOMd4_07973.jpg,39
UUiEHkBOMd4_11806.jpg,39
TAOrHz9s1gQ_12367.jpg,39
QV-36hZraoY_01385.jpg,11
0VXjHETo-20_00146.jpg,39
UUiEHkBOMd4_11763.jpg,39
c4Hx_y1-3PU_05486.jpg,157
c4Hx_y1-3PU_05479.jpg,157
1AQ9cZGVDGM_01944.jpg,157
QLh5aaM6wi8_01308.jpg,157
Z9q77Oa5iJs_00349.jpg,157
ZMlK9lunqE0_02415.jpg,4
ZlfZWhzAfn4_00282.jpg,158
hvFIlGmuIgE_01430.jpg,166
GAP-SpfKebg_01181.jpg,170
0nifAVL-CmQ_00390.jpg,137
il-u8o8ebl8_02773.jpg,166
ZMlK9lunqE0_02473.jpg,166
hvFIlGmuIgE_01143.jpg,166
BsNZwmq1AXU_00673.jpg,172
LWRMOJQDiLU_11255.jpg,57
JOx8qn54nZs_04850.jpg,172
QUqhoN-V58k_02525.jpg,57
BsNZwmq1AXU_05135.jpg,172
18JHobzUDzU_02809.jpg,166
q5V6xoFAQZc_01017.jpg,166
GpajsZjLu-U_05413.jpg,45
9nTlgtf7TME_05244.jpg,62
9nTlgtf7TME_04747.jpg,62
Apq9RHrwfWs_00647.jpg,82
tiNl99Z01MQ_02338.jpg,2
cRwFTtOWAOM_06178.jpg,162
cRwFTtOWAOM_08845.jpg,162
cRwFTtOWAOM_07351.jpg,162
HE3SZBxVNlI_02584.jpg,31
HE3SZBxVNlI_02624.jpg,31
gA0bJLxWIB0_04772.jpg,128
LRNxKtmlFaI_01617.jpg,31
2ThXvnlhV3c_00240.jpg,24
3BiYQbD-mVk_03706.jpg,20
ogMVEakZUFQ_00841.jpg,135
fFLwOWe0KQ4_08599.jpg,18
87uKpqfVe78_03171.jpg,8
87uKpqfVe78_03318.jpg,8
LyIn9d6c880_06086.jpg,18
fFLwOWe0KQ4_11873.jpg,18
5X6e7Su9CdQ_00976.jpg,44
Jz2N90cO0Eo_00072.jpg,18
HiyTlTrxqQA_00284.jpg,94
xxJtR5En9ps_00471.jpg,18
qEgUJ8owOss_01044.jpg,18
HiyTlTrxqQA_05459.jpg,44
nh2HSuORymg_00885.jpg,18
xxJtR5En9ps_00516.jpg,18
5X6e7Su9CdQ_05905.jpg,18
bgr9p7wQRek_01491.jpg,97
ZoUrM_ZXoOE_00087.jpg,44
LyIn9d6c880_06832.jpg,18
Jz2N90cO0Eo_01057.jpg,18
ynUNOsMrO1k_00908.jpg,156
3b2YX4OnR2k_00859.jpg,18
Jz2N90cO0Eo_01667.jpg,18
xxJtR5En9ps_00859.jpg,18
xxJtR5En9ps_01270.jpg,18
fFLwOWe0KQ4_00000.jpg,18
fFLwOWe0KQ4_12263.jpg,18
RHw-r3z-1p4_00000.jpg,2
dI3Lcfl4Fko_00387.jpg,2
V-mtbJXjSno_03392.jpg,35
SO1VZntbkYc_00335.jpg,11
Us_TXFDaVJo_03104.jpg,35
8SWBXH7xvyY_00564.jpg,35
hB8hTar1Mv0_00954.jpg,128
cbUjhDA9luI_00848.jpg,8
SQ7eaUJtEIs_01260.jpg,98
ebYt-jlCeL4_01574.jpg,128
pgPgey7EudE_02291.jpg,144
1L1dYO8EG74_07102.jpg,164
5Dle76vhHNM_05568.jpg,97
1L1dYO8EG74_05375.jpg,164
IIeP7dNkoes_01427.jpg,173
iVmSweQwzgs_01810.jpg,20
iTnJWiuh9eU_00000.jpg,20
duEViRHxiNk_07772.jpg,128
bNGX8hRaChk_05168.jpg,135
z7Ebe9A2oOg_01590.jpg,65
9uMtkrrNgzQ_04269.jpg,119
0-hzMzEaVc8_00730.jpg,8
HHMoAfNJH3Y_04290.jpg,9
NVIgqAbZJJc_10166.jpg,156
EpHM_a0NKQU_11094.jpg,135
HaheCj5DKFg_01949.jpg,116
3EmbtOXT8Ks_01512.jpg,116
3EmbtOXT8Ks_00058.jpg,57
4rZvvkqnatc_02974.jpg,2
GDzsuBgQxY0_01080.jpg,2
qeH5wJ3L7Ts_02828.jpg,57
HADHCxEbQPs_03587.jpg,16
2yaMc9Sz-YE_04019.jpg,16
UY8svVboV34_00000.jpg,66
HADHCxEbQPs_00644.jpg,16
HADHCxEbQPs_02680.jpg,16
Mqn5R5rrwdI_00239.jpg,177
Mqn5R5rrwdI_00000.jpg,166
UUD5aq4dBf8_00262.jpg,135
a-jzCDIryfQ_04400.jpg,115
8w5uGcPAIl0_05690.jpg,103
BFIwtMjhEiY_00069.jpg,25
ec-xlDTTjOs_02185.jpg,156
ec-xlDTTjOs_02538.jpg,60
pvMQOW44vMU_00396.jpg,128
H5ma41Abra8_04538.jpg,128
4ckVVmPvuZI_09378.jpg,8
1TYstYNCpEI_15384.jpg,131
epwvJAICClA_02201.jpg,131
fibYErY9uX0_00058.jpg,135
9-xTeA6kFa8_00823.jpg,11
5EmrvBV3P94_01056.jpg,96
_DjVFex5NWY_02334.jpg,8
xjD8yqoFEmQ_00000.jpg,6
5jNBtQjvNgg_02080.jpg,203
5jNBtQjvNgg_00878.jpg,203
5jNBtQjvNgg_00561.jpg,203
VRxjKEjNvIo_01513.jpg,27
VRxjKEjNvIo_02935.jpg,27
E_sxDFQc3s0_06834.jpg,27
kSmNqfMEL84_00377.jpg,27
VRxjKEjNvIo_02262.jpg,27
IVMM7VJwN7o_156000.jpg,190
TnjxURJq6P8_00259.jpg,27
VRxjKEjNvIo_02321.jpg,27
TnjxURJq6P8_01464.jpg,27
lyh0kFcZaZE_09136.jpg,106
lyh0kFcZaZE_10110.jpg,106
lyh0kFcZaZE_06204.jpg,106
5odjHyOPm7c_00173.jpg,32
_aEyGpXyDjg_00302.jpg,45
5odjHyOPm7c_00125.jpg,32
yxq6pYK-fGg_00438.jpg,78
wQ63UH4Kp9k_02919.jpg,151
AqX4Eb33jG8_03789.jpg,200
_NGLacFqKf0_03612.jpg,200
_NGLacFqKf0_01796.jpg,200
AqX4Eb33jG8_05054.jpg,200
Thpjk69h9P8_00577.jpg,162
Z68Rulp1fR0_01430.jpg,169
rugOj1duAeE_02809.jpg,128
f1SlbCxQjxY_03377.jpg,11
rugOj1duAeE_00203.jpg,81
rugOj1duAeE_03021.jpg,81
rugOj1duAeE_04209.jpg,81
9yzxjzPB5F0_01233.jpg,197
9yzxjzPB5F0_01469.jpg,197
DfhwmcVqCP8_00348.jpg,197
b-MbEx1Iqj8_01052.jpg,111
r7Gwaoru_gg_01089.jpg,111
AlvGmMZCUMQ_00499.jpg,44
AlvGmMZCUMQ_04892.jpg,180
